form	lemma	POS	morph
༄༅།		PUNCT
		
།		PUNCT
ཡང་གསང་	ཡང་གསང་	OTHER
མཁའ་འགྲོ་	མཁའ་འགྲོ་	NOUN
འི་	གི་	PART
ཐུགས་	ཐུགས་	NOUN
ཐིག་	ཐིག་	NOUN
ལ་	ལ་	ADP
ས་	གིས་	PART
༔		PUNCT
		
སྔོན་འགྲོ་	སྔོན་འགྲོ་	NOUN
འི་	གི་	PART
ལམ་རིམ་	ལམ་རིམ་	NOUN
ངག་འདོན་	ངག་འདོན་	OTHER
བཞུགས་	བཞུགས་	VERB
༔		PUNCT
དབྱིངས་	དབྱིངས་	NOUN
རིག་	རིག་	VERB
ཀུན་	ཀུན་	DET
ཏུ་	ལ་	PART
བཟང་	བཟང་	VERB
ལ་	ལ་	PART
འདུད་	འདུད་	NO_POS
༔		PUNCT
ཡང་གསང་	ཡང་གསང་	OTHER
མཁའ་འགྲོ་	མཁའ་འགྲོ་	NOUN
ཐུགས་	ཐུགས་	NOUN
ཐིག་	ཐིག་	NOUN
གི་	གི་	PART
༔		PUNCT
		
སྔོན་འགྲོ་	སྔོན་འགྲོ་	NOUN
ཉམས་ལེན་	ཉམས་ལེན་	NOUN
རིམ་པ་	རིམ་པ་	NOUN
ནི་	ནི་	NO_POS
༔		PUNCT
		
ཐོག་མ་	ཐོག་མ་	NOUN
ར་	ལ་	PART
རྣམ་སྣང་	རྣམ་སྣང་	PROPN
ཆོ་	ཆོ་	NOUN
བདུན་	བདུན་	NUM
བཅའ་	བཅའ་	VERB
༔		PUNCT
		
རྣམ་	རྣམ་	NOUN
གསུམ་	གསུམ་	NUM
དད་པ་	དད་པ་	VERB
འི་	གི་	PART
ཤུགས་	ཤུགས་	NOUN
ཕྱུང་	ཕྱུང་	VERB
ལ་	ལ་	PART
༔		PUNCT
ཨེ་མ་ཧོ་	ཨེ་མ་ཧོ་	INTJ
༔		PUNCT
མདུན་	མདུན་	NOUN
མཁའ་	མཁའ་	NOUN
འཇའ་འོད་	འཇའ་འོད་	NOUN
གུར་ཁྱིམ་	གུར་ཁྱིམ་	OTHER
དབུ་	དབུ་	NOUN
༔		PUNCT
སེང་ཁྲི་	སེང་ཁྲི་	NOUN
པདྨ་	པདྨ་	NOUN
ཉི་ཟླ་	ཉི་ཟླ་	NOUN
འི་	གི་	PART
སྟེང་	སྟེང་	NOUN
༔		PUNCT
གུ་རུ་	གུ་རུ་	PROPN
མཚོ་སྐྱེས་	མཚོ་སྐྱེས་	OTHER
རྡོ་རྗེ་	རྡོ་རྗེ་	NOUN
མཐིང་	མཐིང་	NO_POS
༔		PUNCT
ཡབ་ཡུམ་	ཡབ་ཡུམ་	NOUN
འོད་	འོད་	NOUN
ཀྱི་	གི་	PART
སྐུ་	སྐུ་	NOUN
རུ་	ལ་	PART
གསལ་	གསལ་	VERB
༔		PUNCT
ན་མོ་	ན་མོ་	X
༔		PUNCT
མཆོག་	མཆོག་	ADJ
གསུམ་	གསུམ་	NUM
རྩ་	རྩ་	NUM
གསུམ་	གསུམ་	NUM
སྐུ་གསུམ་	སྐུ་གསུམ་	OTHER
ཀུན་	ཀུན་	DET
འདུ་	འདུ་	VERB
དཔལ་	དཔལ་	OTHER
༔		PUNCT
རྡོ་རྗེ་	རྡོ་རྗེ་	NOUN
འཆང་	འཆང་	NO_POS
དབང་	དབང་	NOUN
སྟོན་པ་	སྟོན་པ་	NOUN
དྲི་མ་	དྲི་མ་	NOUN
མེད་	མེད་	VERB
༔		PUNCT
དབྱེ་	དབྱེ་	VERB
ར་	ལ་	PART
མེད་	མེད་	VERB
བླ་མ་	བླ་མ་	NOUN
མཚོ་སྐྱེས་	མཚོ་སྐྱེས་	OTHER
སྤྲུལ་པ་	སྤྲུལ་པ་	VERB
འི་	གི་	PART
སྐུ་	སྐུ་	NOUN
༔		PUNCT
མཁྱེན་	མཁྱེན་	VERB
ནོ་	གོ་	PART
བདག་	བདག་	PRON
རྒྱུད་	རྒྱུད་	NOUN
བྱིན་	བྱིན་	VERB
གྱིས་	གིས་	PART
བརླབ་	བརླབ་	NO_POS
ཏུ་	ལ་	PART
གསོལ་	གསོལ་	VERB
༔		PUNCT
བདག་	བདག་	PRON
གིས་	གིས་	PART
དལ་འབྱོར་	དལ་འབྱོར་	NOUN
རྟེན་	རྟེན་	NOUN
བཟང་	བཟང་	VERB
རིན་ཆེན་	རིན་ཆེན་	OTHER
ལུས་	ལུས་	NOUN
༔		PUNCT
དཔེ་	དཔེ་	NOUN
གྲངས་	གྲངས་	NOUN
རྟགས་	རྟགས་	NOUN
ཀྱི་	གི་	PART
སྒོ་	སྒོ་	NOUN
ན་	ནས་	PART
རྙེད་	རྙེད་	VERB
དཀའ་བ་	དཀའ་བ་	VERB
༔		PUNCT
ཡིད་བཞིན་	ཡིད་བཞིན་	OTHER
ནོར་	ནོར་	NOUN
འདྲ་	འདྲ་	VERB
ཐོབ་པ་	ཐོབ་པ་	VERB
འི་	གི་	PART
དུས་	དུས་	NOUN
འདི་རུ་	འདི་རུ་	NO_POS
༔		PUNCT
ལོག་པ་	ལོག་པ་	VERB
འི་	གི་	PART
ལམ་	གམ་	PART
དུ་མ་	དུ་མ་	ADJ
གཏོང་	གཏོང་	VERB
བླ་མ་	བླ་མ་	NOUN
མཁྱེན་	མཁྱེན་	VERB
༔		PUNCT
ཀྱེ་མ་	ཀྱེ་མ་	INTJ
ཀྱི་ཧུད་	ཀྱི་ཧུད་	INTJ
འདུས་བྱས་	འདུས་བྱས་	NOUN
མི་རྟག་	མི་རྟག་	OTHER
སྟེ་	སྟེ་	PART
༔		PUNCT
ཕྱི་	ཕྱི་	NOUN
སྣོད་	སྣོད་	NOUN
དུས་	དུས་	NOUN
ཀྱི་	གི་	PART
འགྱུར་ལྡོག་	འགྱུར་ལྡོག་	OTHER
མེ་	མེ་	NOUN
ཆུ་	ཆུ་	VERB
འཇིག་	འཇིག་	VERB
༔		PUNCT
ནང་	ནང་	NOUN
བཅུད་	བཅུད་	NOUN
སྐྱེ་	སྐྱེ་	NOUN
རྒ་	རྒ་	NO_POS
ན་	ལ་	PART
འཆི་	འཆི་	VERB
མྱུར་	མྱུར་	VERB
དུ་	ལ་	PART
སླེབ་	སླེབ་	NO_POS
༔		PUNCT
སྐྱོ་ཤས་	སྐྱོ་ཤས་	NOUN
གཏིང་	གཏིང་	NOUN
ན་	ནས་	PART
སྐྱེ་བ་	སྐྱེ་བ་	VERB
ར་	ལ་	PART
བླ་མ་	བླ་མ་	NOUN
མཁྱེན་	མཁྱེན་	VERB
༔		PUNCT
བདག་	བདག་	PRON
གིས་	གིས་	PART
སྲོག་གཅོད་	སྲོག་གཅོད་	NOUN
རྐུ་འཕྲོག་	རྐུ་འཕྲོག་	NOUN
ལོག་པ་	ལོག་པ་	VERB
ར་	ལ་	PART
གཡེམ་	གཡེམ་	NO_POS
༔		PUNCT
རྫུན་	རྫུན་	NOUN
ཕྲ་	ཕྲ་	NOUN
ཚིག་རྩུབ་	ཚིག་རྩུབ་	NOUN
ངག་འཁྱལ་	ངག་འཁྱལ་	NO_POS
བརྣབ་	བརྣབ་	NO_POS
གནོད་	གནོད་	VERB
བརྣག་	བརྣག་	NO_POS
༔		PUNCT
ལོག་ལྟ་	ལོག་ལྟ་	NOUN
རྒྱུད་	རྒྱུད་	NOUN
ངན་	ངན་	VERB
སྤང་	སྤང་	VERB
ཞིང་	ཅིང་	PART
དགེ་	དགེ་	NOUN
བཅུ་	བཅུ་	NUM
བསྒྲུབ་	བསྒྲུབ་	VERB
༔		PUNCT
རྒྱུ་འབྲས་	རྒྱུ་འབྲས་	NOUN
གོ་ལོག་	གོ་ལོག་	ADJ
མ་	མ་	PART
གཏོང་	གཏོང་	VERB
བླ་མ་	བླ་མ་	NOUN
མཁྱེན་	མཁྱེན་	VERB
༔		PUNCT
དམྱལ་བ་	དམྱལ་བ་	NOUN
ཡི་དྭགས་	ཡི་དྭགས་	NOUN
དུད་འགྲོ་	དུད་འགྲོ་	NOUN
ལྷ་མ་	ལྷ་མ་	PROPN
ཡིན་	ཡིན་	NO_POS
༔		PUNCT
ལྷ་	ལྷ་	NOUN
མི་	མི་	PART
གཉིས་	གཉིས་	NUM
ཏེ་	སྟེ་	PART
རིགས་	རིགས་	NOUN
དྲུག་	དྲུག་	NUM
འཁོར་བ་	འཁོར་བ་	NOUN
འི་	གི་	PART
གནས་	གནས་	NOUN
༔		PUNCT
གང་	གང་	NO_POS
དུ་	ལ་	PART
སྐྱེ་	སྐྱེ་	VERB
ཀྱང་	ཀྱང་	PART
སྡུག་བསྔལ་	སྡུག་བསྔལ་	NOUN
བཟོད་	བཟོད་	VERB
བླག་	བླག་	NO_POS
མེད་	མེད་	VERB
༔		PUNCT
འཁོར་བ་	འཁོར་བ་	NOUN
དོང་	དོང་	VERB
ན་	ནས་	PART
སྤྲུག་པ་	སྤྲུག་པ་	VERB
ར་	ལ་	PART
བླ་མ་	བླ་མ་	NOUN
མཁྱེན་	མཁྱེན་	VERB
༔		PUNCT
མི་ལུས་	མི་ལུས་	NOUN
ལན་	ལན་	NOUN
གཅིག་	གཅིག་	NUM
ཐོབ་པ་	ཐོབ་པ་	VERB
སྐལ་བ་	སྐལ་བ་	NOUN
བཟང་	བཟང་	VERB
༔		PUNCT
ཨ་	ཨ་	X
ཏི་	ཏི་	NO_POS
བླ་མེད་	བླ་མེད་	ADJ
ཟབ་	ཟབ་	VERB
གསང་	གསང་	VERB
སྙིང་པོ་	སྙིང་པོ་	NOUN
འི་	གི་	PART
ལམ་	གམ་	PART
༔		PUNCT
ཐུགས་	ཐུགས་	NOUN
ཀྱི་	གི་	PART
ཐིག་ལེ་	ཐིག་ལེ་	NOUN
ར་	ལ་	PART
འཕྲད་པ་	འཕྲད་པ་	VERB
ངོ་མཚར་	ངོ་མཚར་	ADJ
ཆེ་	ཆེ་	VERB
༔		PUNCT
ས་ལམ་	ས་ལམ་	OTHER
མྱུར་	མྱུར་	VERB
དུ་	ལ་	PART
བགྲོད་པ་	བགྲོད་པ་	VERB
ར་	ལ་	PART
བླ་མ་	བླ་མ་	NOUN
མཁྱེན་	མཁྱེན་	VERB
༔		PUNCT
བསྐལ་	བསྐལ་	NO_POS
མང་	མང་	VERB
གོང་	གོང་	NOUN
ན་	ནས་	PART
ཐུགས་རྗེ་	ཐུགས་རྗེ་	NOUN
འི་	གི་	PART
རྗེས་བཟུང་	རྗེས་བཟུང་	NO_POS
བ་	བ་	ADP
༔		PUNCT
བཀའ་དྲིན་	བཀའ་དྲིན་	NOUN
སུམ་	སུམ་	NUM
ལྡན་	ལྡན་	VERB
རྡོ་རྗེ་	རྡོ་རྗེ་	NOUN
སློབ་དཔོན་	སློབ་དཔོན་	NOUN
མཆོག་	མཆོག་	ADJ
༔		PUNCT
མཉེས་པ་	མཉེས་པ་	VERB
གསུམ་	གསུམ་	NUM
གྱི་	གི་	PART
ཞབས་ཏོག་	ཞབས་ཏོག་	NOUN
མཐ་	མཐའ་	NOUN
ར་	ལ་	PART
ཕྱིན་	ཕྱིན་	VERB
ན་	ནས་	PART
༔		PUNCT
ཐུགས་རྒྱུད་	ཐུགས་རྒྱུད་	NOUN
དགོངས་པ་	དགོངས་པ་	VERB
རྟོགས་པ་	རྟོགས་པ་	VERB
ར་	ལ་	PART
བླ་མ་	བླ་མ་	NOUN
མཁྱེན་	མཁྱེན་	VERB
༔		PUNCT
འདི་	འདི་	DET
དང་	དང་	NO_POS
ཕྱི་མ་	ཕྱི་མ་	ADJ
བར་དོ་	བར་དོ་	NOUN
འི་	གི་	PART
གནས་	གནས་	NOUN
ཀུན་	ཀུན་	DET
ཏུ་	ལ་	PART
༔		PUNCT
ཁྱེད་	ཁྱེད་	PRON
དང་	དང་	NO_POS
མི་	མི་	PART
འབྲལ་	འབྲལ་	NO_POS
རྣམ་	རྣམ་	NOUN
བཞི་	བཞི་	NUM
འི་	གི་	PART
ཕྲིན་ལས་	ཕྲིན་ལས་	NOUN
ཀྱི་	གི་	PART
༔		PUNCT
ཕོ་ཉ་	ཕོ་ཉ་	NOUN
ར་	ལ་	PART
གྱུར་	གྱུར་	VERB
ན་	ནས་	PART
འཁོར་བ་	འཁོར་བ་	NOUN
མ་	མ་	PART
སྟོངས་པ་	སྟོངས་པ་	VERB
ར་	ལ་	PART
༔		PUNCT
བྱང་	བྱང་	NOUN
ཆུབས་		NON_WORD
སེམས་བསྐྱེད་	སེམས་བསྐྱེད་	NOUN
འགྲོ་དོན་	འགྲོ་དོན་	NOUN
མཐ་	མཐའ་	NOUN
ར་	ལ་	PART
ཕྱིན་	ཕྱིན་	VERB
ཤོག་	ཤོག་	VERB
༔		PUNCT
ཐུན་མོང་	ཐུན་མོང་	ADJ
ཉམས་ལེན་	ཉམས་ལེན་	NOUN
རིམ་པ་	རིམ་པ་	NOUN
འོ་	གོ་	PART
༔		PUNCT
དེ་	སྟེ་	PART
ཡི་	གི་	PART
དངོས་གཞི་	དངོས་གཞི་	NOUN
གནད་	གནད་	NOUN
ཀྱི་	གི་	PART
གཟེར་	གཟེར་	NO_POS
༔		PUNCT
རང་ཉིད་	རང་ཉིད་	OTHER
ཌཱ་ཀི་	ཌཱ་ཀི་	NOUN
དཀར་མོ་	དཀར་མོ་	ADJ
གྲི་	གྲི་	NOUN
ཐོད་	ཐོད་	NOUN
འཛིན་	འཛིན་	VERB
༔		PUNCT
ལུས་	ལུས་	NOUN
དབུ་	དབུ་	NOUN
དབུ་	དབུ་	NOUN
རྐྱང་	རྐྱང་	OTHER
རོ་	རོ་	NOUN
གསུམ་	གསུམ་	NUM
དཀར་དམར་	དཀར་དམར་	OTHER
མཐིང་	མཐིང་	NO_POS
༔		PUNCT
ཉོན་	ཉོན་	VERB
ཤེ་	ཤེ་	VERB
ལས་སྒྲིབ་	ལས་སྒྲིབ་	NOUN
ནད་གདོན་	ནད་གདོན་	OTHER
བག་ཆགས་	བག་ཆགས་	NOUN
རླུང་	རླུང་	NOUN
༔		PUNCT
དུག་རླངས་	དུག་རླངས་	NO_POS
རྣམ་པ་	རྣམ་པ་	NOUN
དབང་ཆེན་	དབང་ཆེན་	OTHER
ས་གཞི་	ས་གཞི་	NOUN
ར་	ལ་	PART
བསྟིམ་	བསྟིམ་	NO_POS
༔		PUNCT
སྙིང་ག་	སྙིང་ག་	NOUN
ར་	ལ་	PART
ཀུན་བཟང་	ཀུན་བཟང་	ADJ
ཐུགས་	ཐུགས་	NOUN
དབུ་	དབུ་	NOUN
སྲོག་	སྲོག་	NOUN
ཡིག་	ཡིག་	NOUN
ཨཱ་	ཨཱ་	NO_POS
༔		PUNCT
བྱིན་རླབས་	བྱིན་རླབས་	NOUN
འོད་	འོད་	NOUN
མཐིང་	མཐིང་	NO_POS
རོ་	རོ་	NOUN
རྐྱང་	རྐྱང་	OTHER
ལམ་	གམ་	PART
ན་	ནས་	PART
བརྒྱུད་	བརྒྱུད་	NO_POS
༔		PUNCT
ཨ་	ཨ་	X
དཀ་	དཀའ་	VERB
ར་	ལ་	PART
ལ་	ལ་	PART
ཐིམ་	ཐིམ་	NO_POS
ལུས་	ལུས་	NOUN
ནང་	ནང་	NOUN
འོད་	འོད་	NOUN
ཀྱིས་	གིས་	PART
གང་	གང་	NO_POS
༔		PUNCT
འཇམ་རླུང་	འཇམ་རླུང་	NO_POS
དང་	དང་	NO_POS
སྦྲགས་	སྦྲགས་	NO_POS
སེམས་	སེམས་	NOUN
ཀྱི་	གི་	PART
རྩད་	རྩད་	NOUN
གད་	གདའ་	VERB
ར་	ལ་	PART
བཅད་	བཅད་	VERB
༔		PUNCT
ཐུན་	ཐུན་	NOUN
མིན་	མིན་	AUX
ངག་འདོན་	ངག་འདོན་	OTHER
ཉམས་ལེན་	ཉམས་ལེན་	NOUN
ནི་	ནི་	NO_POS
༔		PUNCT
ཐོག་མ་	ཐོག་མ་	NOUN
ར་	ལ་	PART
སྐྱབས་	སྐྱབས་	NOUN
སུ་	ལ་	PART
འགྲོ་བ་	འགྲོ་བ་	VERB
ལ་	ལ་	PART
༔		PUNCT
མདུན་	མདུན་	NOUN
མཁའ་	མཁའ་	NOUN
འཇའ་འོད་	འཇའ་འོད་	NOUN
འཁྲིགས་པ་	འཁྲིགས་པ་	VERB
འི་	གི་	PART
ཀློང་	ཀློང་	NOUN
༔		PUNCT
སྐྱབས་གནས་	སྐྱབས་གནས་	NOUN
ཀུན་	ཀུན་	DET
འདུ་	འདུ་	VERB
རྡོ་རྗེ་	རྡོ་རྗེ་	NOUN
འཆང་	འཆང་	NO_POS
༔		PUNCT
ཡབ་ཡུམ་	ཡབ་ཡུམ་	NOUN
གཟི་བརྗིད་	གཟི་བརྗིད་	NOUN
འོད་	འོད་	NOUN
དུ་	ལ་	PART
འབའ་	འབའ་	VERB
༔		PUNCT
རང་	རང་	PRON
ལ་	ལ་	ADP
ས་	གིས་	PART
སྤྲུལ་པ་	སྤྲུལ་པ་	VERB
འི་	གི་	PART
ཚོགས་	ཚོགས་	NOUN
བཅའ་	བཅའ་	VERB
གསལ་	གསལ་	VERB
༔		PUNCT
བུདྡྷཱ་		NON_WORD
དྷཱརྨཱ་		NON_WORD
སཾ་		NON_WORD
གྷཱ་		NON_WORD
ཡ་	ཡ་	NOUN
༔		PUNCT
གུ་རུ་	གུ་རུ་	PROPN
དྷེ་		NON_WORD
ཝ་	ཝ་	OTHER
ཌཱ་ཀི་	ཌཱ་ཀི་	NOUN
ནཱི་		NON_WORD
༔		PUNCT
དྷརྨཱ་		NON_WORD
སཾ་		NON_WORD
བྷོ་		NON_WORD
ནིརྨཱཀ་		NON_WORD
༔		PUNCT
ཀུན་	ཀུན་	DET
འདུ་	འདུ་	VERB
དྲིན་	དྲིན་	NOUN
ཆེན་	ཆེན་	NO_POS
བླ་མ་	བླ་མ་	NOUN
ལ་	ལ་	PART
༔		PUNCT
སྐྱབས་	སྐྱབས་	NOUN
སུ་	ལ་	PART
མཆིའོ་		NON_WORD
ཐུགས་རྗེ་	ཐུགས་རྗེ་	NOUN
ས་	གིས་	PART
ཟུང་	ཟུང་	VERB
༔		PUNCT
བྱང་ཆུབ་	བྱང་ཆུབ་	NOUN
མཆོག་	མཆོག་	ADJ
ཏུ་	ལ་	PART
སེམས་བསྐྱེད་པ་	སེམས་བསྐྱེད་པ་	NOUN
༔		PUNCT
མ་རིག་	མ་རིག་	NOUN
ལ་	ལ་	ADP
ས་	གིས་	PART
ཉོན་	ཉོན་	VERB
སྡུག་བསྔལ་	སྡུག་བསྔལ་	NOUN
གྱིས་	གིས་	PART
༔		PUNCT
གཟིར་བ་	གཟིར་བ་	VERB
འི་	གི་	PART
ཕ་མ་	ཕ་མ་	NOUN
མཁའ་མཉམ་	མཁའ་མཉམ་	OTHER
འགྲོ་	འགྲོ་	VERB
༔		PUNCT
བླ་མ་	བླ་མ་	NOUN
འི་	གི་	PART
གོ་འཕང་	གོ་འཕང་	NOUN
མྱུར་	མྱུར་	VERB
ཐོབ་	ཐོབ་	VERB
ཕྱི་	ཕྱི་	OTHER
༔		PUNCT
སྨོན་	སྨོན་	VERB
འཇུག་	འཇུག་	VERB
དོན་དམ་	དོན་དམ་	NOUN
སེམས་	སེམས་	NOUN
མཆོག་	མཆོག་	ADJ
བསྐྱེད་	བསྐྱེད་	VERB
༔		PUNCT
མངོན་དུ་	མངོན་དུ་	NO_POS
མ་	མ་	PART
གྱུར་	གྱུར་	VERB
བ་	བ་	NOUN
དུ་	ལ་	PART
འབད་	འབད་	VERB
༔		PUNCT
		
མོས་གུས་	མོས་གུས་	NOUN
དག་སྣང་	དག་སྣང་	NOUN
བརྩེ་གདུང་	བརྩེ་གདུང་	OTHER
དང་	དང་	NO_POS
༔		PUNCT
		
སྙིང་རྗེ་	སྙིང་རྗེ་	NOUN
གཏོང་ཕོད་	གཏོང་ཕོད་	NO_POS
རྩ་བ་	རྩ་བ་	NOUN
ལྔ་	ལྔ་	NUM
༔		PUNCT
		
བསླབ་པ་	བསླབ་པ་	VERB
འི་	གི་	PART
གཞི་	གཞི་	NOUN
སྟེ་	སྟེ་	PART
རྟག་	རྟག་	VERB
ཏུ་	ལ་	PART
འབད་	འབད་	VERB
༔		PUNCT
ལམ་	གམ་	PART
གྱི་	གི་	PART
ཆ་	ཆ་	NOUN
རྐྱེན་	རྐྱེན་	NOUN
ཚོགས་	ཚོགས་	NOUN
བསགས་པ་	བསགས་པ་	VERB
༔		PUNCT
		
མཎྜལ་		NON_WORD
འབུམ་བ་	འབུམ་བ་	NUM
འི་	གི་	PART
རིམ་པ་	རིམ་པ་	NOUN
ནི་	ནི་	NO_POS
༔		PUNCT
ཨོྃ་		NON_WORD
ཨཱཿ་		NON_WORD
ཧཱུྃ་		NON_WORD
༔		PUNCT
མི་མཇེད་	མི་མཇེད་	PROPN
སྟོང་གསུམ་	སྟོང་གསུམ་	OTHER
འཇིག་རྟེན་	འཇིག་རྟེན་	NOUN
ལྷ་	ལྷ་	NOUN
མི་	མི་	PART
འི་	གི་	PART
ནོར་	ནོར་	NOUN
༔		PUNCT
བདག་	བདག་	PRON
ལུས་	ལུས་	NOUN
སྐྱེ་དགུ་	སྐྱེ་དགུ་	NO_POS
འི་	གི་	PART
ལོངས་སྤྱོད་	ལོངས་སྤྱོད་	NOUN
མཎྜལ་		NON_WORD
རྫ་	རྫ་	NOUN
༔		PUNCT
ནང་ལྟར་	ནང་ལྟར་	NO_POS
ཕུང་	ཕུང་	VERB
ཁམས་	ཁམས་	NOUN
རྩ་	རྩ་	NUM
རླུང་	རླུང་	NOUN
ཐིག་ལེ་	ཐིག་ལེ་	NOUN
ར་	ལ་	PART
བཅའ་	བཅའ་	VERB
༔		PUNCT
ལྔ་ལྡན་	ལྔ་ལྡན་	OTHER
ཞིང་	ཅིང་	PART
བཀོད་	བཀོད་	VERB
འདོད་ཡོན་	འདོད་ཡོན་	NOUN
མཆོད་པ་	མཆོད་པ་	VERB
འི་	གི་	PART
སྤྲིན་	སྤྲིན་	NOUN
༔		PUNCT
གསང་བ་	གསང་བ་	VERB
ངོ་བོ་	ངོ་བོ་	NOUN
རང་བཞིན་	རང་བཞིན་	NOUN
ཐུགས་རྗེ་	ཐུགས་རྗེ་	NOUN
འི་	གི་	PART
རྩལ་	རྩལ་	NOUN
༔		PUNCT
ཆོས་དབྱིངས་	ཆོས་དབྱིངས་	NOUN
རྣམ་དག་	རྣམ་དག་	ADJ
གཞོན་ནུ་	གཞོན་ནུ་	ADJ
བུམ་སྐུ་	བུམ་སྐུ་	NO_POS
འི་	གི་	PART
ཞིང་	ཅིང་	PART
༔		PUNCT
སངས་རྒྱས་	སངས་རྒྱས་	NOUN
ཀུན་	ཀུན་	DET
འདུ་	འདུ་	VERB
བླ་མ་	བླ་མ་	NOUN
དཀྱིལ་འཁོར་	དཀྱིལ་འཁོར་	NOUN
ལ་	ལ་	PART
༔		PUNCT
འབུལ་	འབུལ་	NO_POS
ལོ་	གོ་	PART
འགྲོ་	འགྲོ་	VERB
ཀུན་	ཀུན་	DET
ཚོགས་	ཚོགས་	NOUN
གཉིས་	གཉིས་	NUM
ཡོངས་རྫོགས་	ཡོངས་རྫོགས་	OTHER
ཤོག་	ཤོག་	VERB
༔		PUNCT
འབྱོར་བ་	འབྱོར་བ་	VERB
དང་	དང་	NO_POS
བསྟུན་	བསྟུན་	NO_POS
ཚོགས་	ཚོགས་	NOUN
བསགས་	བསགས་	VERB
དཔག་མེད་	དཔག་མེད་	ADJ
བྱ་	བྱ་	VERB
༔		PUNCT
སྒྲིབ་	སྒྲིབ་	NOUN
བྱང་	བྱང་	NOUN
གཏན་པ་	གཏན་པ་	VERB
མེད་པ་	མེད་པ་	VERB
འི་	གི་	PART
མཆོད་སྦྱིན་	མཆོད་སྦྱིན་	NOUN
ནི་	ནི་	NO_POS
༔		PUNCT
སྤྱི་བོ་	སྤྱི་བོ་	NOUN
ར་	ལ་	PART
པད་དཀར་	པད་དཀར་	OTHER
ཟླ་	ཟླ་	NOUN
གདན་	གདན་	NOUN
རྡོ་རྗེ་	རྡོ་རྗེ་	NOUN
སེམས་	སེམས་	NOUN
༔		PUNCT
དཀར་གསལ་	དཀར་གསལ་	NOUN
ལོངས་སྐུ་	ལོངས་སྐུ་	NOUN
འི་	གི་	PART
ཆ་	ཆ་	NOUN
ས་	གིས་	PART
རྫོགས་	རྫོགས་	VERB
ཡུམ་	ཡུམ་	NOUN
དང་	དང་	NO_POS
འཁྲིལ་	འཁྲིལ་	NO_POS
༔		PUNCT
སྦྱོར་	སྦྱོར་	VERB
མཚམས་	མཚམས་	NOUN
བདུད་རྩི་	བདུད་རྩི་	NOUN
འི་	གི་	PART
རྒྱུན་	རྒྱུན་	NOUN
བབ་	བབ་	VERB
སྤྱི་བོ་	སྤྱི་བོ་	NOUN
ར་	ལ་	PART
ཞུགས་	ཞུགས་	VERB
༔		PUNCT
སྒྲིབ་གཉིས་	སྒྲིབ་གཉིས་	OTHER
ཉེས་ལྟུང་	ཉེས་ལྟུང་	NOUN
འགལ་	འགལ་	VERB
འཁྲུལ་	འཁྲུལ་	NO_POS
ཉམས་	ཉམས་	NOUN
ཆགས་	ཆགས་	VERB
ཀུན་	ཀུན་	DET
༔		PUNCT
ལྷག་མེད་	ལྷག་མེད་	ADJ
བསྐྲུས་	བསྐྲུས་	NO_POS
ཤིང་	ཅིང་	PART
ས་གཞི་	ས་གཞི་	NOUN
འི་	གི་	PART
ཁམས་	ཁམས་	NOUN
ཁྱབ་པ་	ཁྱབ་པ་	VERB
ས་	གིས་	PART
༔		PUNCT
རིགས་	རིགས་	NOUN
དྲུག་	དྲུག་	NUM
སེམས་ཅན་	སེམས་ཅན་	NOUN
ལན་ཆགས་	ལན་ཆགས་	NO_POS
བགེགས་	བགེགས་	NOUN
རིགས་	རིགས་	NOUN
ཚིམ་	ཚིམ་	VERB
༔		PUNCT
ཡི་གེ་	ཡི་གེ་	NOUN
བརྒྱ་པ་	བརྒྱ་པ་	NUM
བཟླ་	བཟླ་	NO_POS
ཞིང་	ཅིང་	PART
དམིགས་	དམིགས་	VERB
གནད་	གནད་	NOUN
གཟབ་	གཟབ་	NO_POS
༔		PUNCT
		
སྙིང་རྗེ་	སྙིང་རྗེ་	NOUN
མཆི་མ་	མཆི་མ་	NOUN
འཁྲུགས་	འཁྲུགས་	NO_POS
བ་	བ་	NOUN
བསྒོམ་	བསྒོམ་	VERB
༔		PUNCT
		
བླ་མ་	བླ་མ་	NOUN
དགྱེས་	དགྱེས་	NO_POS
ཤིང་	ཅིང་	PART
བརྩེ་བ་	བརྩེ་བ་	VERB
ས་	གིས་	PART
གནང་བ་	གནང་བ་	NO_POS
སྦྱིན་	སྦྱིན་	VERB
༔		PUNCT
འོད་ཞུ་	འོད་ཞུ་	NO_POS
འི་	གི་	PART
རང་	རང་	PRON
ལུས་	ལུས་	NOUN
ནམ་མཁ་	ནམ་མཁའ་	NOUN
འི་	གི་	PART
འཇའ་	འཇའ་	NOUN
ལྟ་	ལྟ་	OTHER
ཡལ་	ཡལ་	NO_POS
༔		PUNCT
རང་རིག་	རང་རིག་	NO_POS
མ་	མ་	PART
བཅོ་	བཅོ་	NUM
ས་	གིས་	PART
དེ་བཞིན་ཉིད་	དེ་བཞིན་ཉིད་	NOUN
༔		PUNCT
སྙིང་རྗེ་	སྙིང་རྗེ་	NOUN
འི་	གི་	PART
ངང་	ངང་	NOUN
ལ་	ལ་	ADP
ས་	གིས་	PART
རང་རིག་	རང་རིག་	NO_POS
ཧཱུྃ་		NON_WORD
༔		PUNCT
ཁུ་རྡུལ་	ཁུ་རྡུལ་	NO_POS
སྟེང་	སྟེང་	NOUN
བབ་	བབ་	VERB
འཕྲོ་	འཕྲོ་	NOUN
འདུ་	འདུ་	VERB
སྦྱངས་	སྦྱངས་	VERB
༔		PUNCT
རང་ཉིད་	རང་ཉིད་	OTHER
རྡོ་		
སེམས་	སེམས་	NOUN
མཐིང་	མཐིང་	NO_POS
གསལ་	གསལ་	VERB
མདོག་	མདོག་	NOUN
༔		PUNCT
རྡོ་རྗེ་	རྡོ་རྗེ་	NOUN
དྲིལ་	དྲིལ་	VERB
འཛིན་	འཛིན་	VERB
སྐྱིལ་ཀྲུང་	སྐྱིལ་ཀྲུང་	NOUN
བཞུགས་	བཞུགས་	VERB
༔		PUNCT
ལོངས་སྐུ་	ལོངས་སྐུ་	NOUN
འི་	གི་	PART
ཆ་	ཆ་	NOUN
ས་	གིས་	PART
རྫོགས་	རྫོགས་	VERB
འོད་ཟེར་	འོད་ཟེར་	NOUN
འབའ་	འབའ་	VERB
༔		PUNCT
ཐུགས་ཀ་	ཐུགས་ཀ་	NOUN
ར་	ལ་	PART
ཟླ་	ཟླ་	NOUN
སྟེང་	སྟེང་	NOUN
ཧཱུྃ་		NON_WORD
ཡིག་	ཡིག་	NOUN
མཐ་	མཐའ་	NOUN
ར་	ལ་	PART
༔		PUNCT
སྔགས་	སྔགས་	NOUN
ཀྱིས་	གིས་	PART
བསྐོར་བ་	བསྐོར་བ་	VERB
འི་	གི་	PART
འོད་ཟེར་	འོད་ཟེར་	NOUN
གྱིས་	གིས་	PART
༔		PUNCT
རྒྱལ་	རྒྱལ་	VERB
མཆོད་	མཆོད་	VERB
འགྲོ་	འགྲོ་	VERB
སྒྲིབ་	སྒྲིབ་	NOUN
ཀུན་	ཀུན་	DET
སྦྱང་ཤིང་	སྦྱང་ཤིང་	NO_POS
༔		PUNCT
རྣམ་དག་	རྣམ་དག་	ADJ
རྒྱལ་བ་	རྒྱལ་བ་	NOUN
འི་	གི་	PART
ཞིང་	ཅིང་	PART
དུ་	ལ་	PART
གྱུར་	གྱུར་	VERB
༔		PUNCT
ཨོྃ་		NON_WORD
ཨཱཿ་		NON_WORD
བཛྲ་	བཛྲ་	NO_POS
སཏྭ་		NON_WORD
ཧཱུྃ་		NON_WORD
༔		PUNCT
བཟླས་པ་	བཟླས་པ་	VERB
ཆུ་བོ་	ཆུ་བོ་	NOUN
འི་	གི་	PART
རྒྱུན་	རྒྱུན་	NOUN
བཞིན་	བཞིན་	NOUN
བྱ་	བྱ་	VERB
༔		PUNCT
		
ཁྱེ་	ཁྱེ་	VERB
སོ་	གོ་	PART
གསུམ་	གསུམ་	NUM
དང་	དང་	NO_POS
མ་	མ་	PART
བྲལ་	བྲལ་	VERB
ཞིང་	ཅིང་	PART
༔		PUNCT
		
འདུས་མ་བྱས་པ་	འདུས་མ་བྱས་པ་	NO_POS
འི་	གི་	PART
ངང་	ངང་	NOUN
དུ་	ལ་	PART
བཞག་	བཞག་	VERB
༔		PUNCT
		
བསྐྱེད་རིམ་	བསྐྱེད་རིམ་	NOUN
ལྷ་	ལྷ་	NOUN
ཡི་	གི་	PART
རྣལ་འབྱོར་	རྣལ་འབྱོར་	NOUN
རོ་	རོ་	NOUN
༔		PUNCT
རྫོགས་རིམ་	རྫོགས་རིམ་	NOUN
རྩ་	རྩ་	NUM
རླུང་	རླུང་	NOUN
ཐིག་ལེ་	ཐིག་ལེ་	NOUN
འི་	གི་	PART
ཁམས་	ཁམས་	NOUN
༔		PUNCT
		
སྦྱངས་	སྦྱངས་	VERB
ཤིང་	ཅིང་	PART
འོད་	འོད་	NOUN
ལུས་	ལུས་	NOUN
བསྒྲུབ་པ་	བསྒྲུབ་པ་	VERB
འི་	གི་	PART
གཞི་	གཞི་	NOUN
༔		PUNCT
འབྱུང་	འབྱུང་	VERB
བཞི་	བཞི་	NUM
འི་	གི་	PART
མན་ངག་	མན་ངག་	NOUN
ཟབ་པ་	ཟབ་པ་	VERB
འི་	གི་	PART
གནད་	གནད་	NOUN
༔		PUNCT
		
རྩོལ་	རྩོལ་	NO_POS
བཅའ་	བཅའ་	VERB
ལམ་	གམ་	PART
གྱི་	གི་	PART
རིམ་པ་	རིམ་པ་	NOUN
སྟེ་	སྟེ་	PART
༔		PUNCT
ཐུན་	ཐུན་	NOUN
མཐ་	མཐའ་	NOUN
ར་	ལ་	PART
སྣོད་བཅུད་	སྣོད་བཅུད་	NOUN
རང་	རང་	PRON
ལ་	ལ་	PART
བསྡུ་	བསྡུ་	VERB
༔		PUNCT
		
ལྷ་	ལྷ་	NOUN
ར་	ལ་	PART
སྣང་	སྣང་	VERB
ཐུགས་	ཐུགས་	NOUN
སྲོག་	སྲོག་	NOUN
ན་	ལ་	PART
དཱའི་		NON_WORD
བ་	བ་	NOUN
༔		PUNCT
		
དམིགས་མེད་	དམིགས་མེད་	NO_POS
བརྗོད་	བརྗོད་	VERB
བྲལ་	བྲལ་	VERB
ངང་	ངང་	NOUN
དུ་	ལ་	PART
བཞག་	བཞག་	VERB
༔		PUNCT
		
རང་རིག་	རང་རིག་	NO_POS
གཉུག་	གཉུག་	NO_POS
མ་	མ་	PART
འི་	གི་	PART
གཤིས་ལུགས་	གཤིས་ལུགས་	OTHER
སྐྱོངས་	སྐྱོངས་	VERB
༔		PUNCT
ཐུན་མོང་	ཐུན་མོང་	ADJ
མ་	མ་	PART
ཡིན་	ཡིན་	NO_POS
ལམ་རིམ་	ལམ་རིམ་	NOUN
སྟེ་	སྟེ་	PART
༔		PUNCT
		
ཟབ་	ཟབ་	VERB
ལམ་	གམ་	PART
འདི་	འདི་	DET
ལ་	ལ་	PART
ནན་ཏན་	ནན་ཏན་	NOUN
མཛོད་	མཛོད་	NOUN
༔		PUNCT
		
ས་	ས་	ADP
མ་	མ་	PART
ཡ་	ཡ་	NOUN
༔		PUNCT
ཐུན་མོང་	ཐུན་མོང་	ADJ
མ་	མ་	PART
ཡིན་	ཡིན་	NO_POS
ལམ་	གམ་	PART
གྱི་	གི་	PART
དངོས་གཞི་	དངོས་གཞི་	NOUN
ནི་	ནི་	NO_POS
༔		PUNCT
		
བྱིན་རླབས་	བྱིན་རླབས་	NOUN
བླ་མ་	བླ་མ་	NOUN
འི་	གི་	PART
རྣལ་འབྱོར་	རྣལ་འབྱོར་	NOUN
ཞེ་	ཅེས་	PART
བྱ་བ་	བྱ་བ་	VERB
༔		PUNCT
		
ཕྱི་	ཕྱི་	NOUN
ལྟ་	ལྟ་	OTHER
སྒྲུབ་	སྒྲུབ་	VERB
ཅིང་	ཅིང་	PART
དགོངས་པ་	དགོངས་པ་	VERB
རྟོགས་པ་	རྟོགས་པ་	VERB
འི་	གི་	PART
ཐབས་	ཐབས་	NOUN
༔		PUNCT
གཅིག་ཆོག་	གཅིག་ཆོག་	ADJ
ནོར་བུ་	ནོར་བུ་	NOUN
འི་	གི་	PART
ལུགས་	ལུགས་	NOUN
སུ་	ལ་	PART
ཉམས་	ཉམས་	NOUN
སུ་	ལ་	PART
ལོངས་	ལོངས་	VERB
༔		PUNCT
ཨེ་མ་ཧོ་	ཨེ་མ་ཧོ་	INTJ
༔		PUNCT
བླ་མ་	བླ་མ་	NOUN
ར་	ལ་	PART
མོས་གུས་	མོས་གུས་	NOUN
འགྲོ་	འགྲོ་	VERB
ལ་	ལ་	PART
སྙིང་རྗེ་	སྙིང་རྗེ་	NOUN
འི་	གི་	PART
གདངས་	གདངས་	NOUN
༔		PUNCT
མ་	མ་	PART
དག་	དག་	DET
འཁྲུལ་སྣང་	འཁྲུལ་སྣང་	OTHER
རྨི་ལམ་	རྨི་ལམ་	NOUN
སད་པ་	སད་པ་	VERB
བཞིན་	བཞིན་	NOUN
༔		PUNCT
སྣང་བ་	སྣང་བ་	VERB
ས་	གིས་	PART
ག་	ག་	NOUN
ཁྱབ་	ཁྱབ་	VERB
སྣོད་	སྣོད་	NOUN
ཀྱི་	གི་	PART
འཇིག་རྟེན་	འཇིག་རྟེན་	NOUN
ཀུན་	ཀུན་	DET
༔		PUNCT
འོག་མིན་	འོག་མིན་	PROPN
པདྨ་	པདྨ་	NOUN
འོད་	འོད་	NOUN
ཀྱི་	གི་	PART
གཞལ་ཡས་	གཞལ་ཡས་	ADJ
ཁང་	ཁང་	NOUN
༔		PUNCT
འོད་སྣང་	འོད་སྣང་	OTHER
རྒྱན་	རྒྱན་	NOUN
བཀོད་	བཀོད་	VERB
ཕུན་སུམ་	ཕུན་སུམ་	OTHER
ཚོགས་པ་	ཚོགས་པ་	VERB
འི་	གི་	PART
དབུ་	དབུ་	NOUN
༔		PUNCT
རང་ཉིད་	རང་ཉིད་	OTHER
བདེ་ཆེན་	བདེ་ཆེན་	NOUN
རྡོ་རྗེ་	རྡོ་རྗེ་	NOUN
འི་	གི་	PART
རྣལ་འབྱོར་	རྣལ་འབྱོར་	NOUN
མ་	མ་	PART
༔		PUNCT
དམར་	དམར་	VERB
གསལ་	གསལ་	VERB
ཞལ་	ཞལ་	NOUN
གཅིག་	གཅིག་	NUM
ཞི་	ཞི་	VERB
འཛུམ་	འཛུམ་	NO_POS
ཆགས་པ་	ཆགས་པ་	VERB
འི་	གི་	PART
ཉམས་	ཉམས་	NOUN
༔		PUNCT
ཕྱག་	ཕྱག་	NOUN
གཉིས་	གཉིས་	NUM
གཡས་པ་	གཡས་པ་	VERB
ས་	གིས་	PART
གྲི་གུག་	གྲི་གུག་	NOUN
དཀུ་	དཀུ་	VERB
ལ་	ལ་	PART
བརྟན་	བརྟན་	VERB
༔		PUNCT
གཡོན་པ་	གཡོན་པ་	ADJ
ས་	གིས་	PART
བདུད་རྩི་	བདུད་རྩི་	NOUN
འི་	གི་	PART
ཐོད་པ་	ཐོད་པ་	NOUN
དབྱིངས་	དབྱིངས་	NOUN
སུ་	ལ་	PART
སྟོབ་	སྟོབ་	NO_POS
༔		PUNCT
ཞབས་	ཞབས་	NOUN
གཉིས་	གཉིས་	NUM
དཔའ་མོ་	དཔའ་མོ་	NOUN
རོལ་པ་	རོལ་པ་	VERB
འི་	གི་	PART
འདོ་	འདོ་	VERB
སྟབས་	སྟབས་	NOUN
ཅན་	ཅན་	PART
༔		PUNCT
ལང་ཚོ་	ལང་ཚོ་	OTHER
འི་	གི་	PART
གཟི་	གཟི་	OTHER
འབའ་	འབའ་	VERB
ནུ་འབུར་	ནུ་འབུར་	NOUN
བྷ་	བྷ་	NO_POS
ག་	ག་	PRON
རྒྱ་	རྒྱ་	VERB
༔		PUNCT
རིན་ཆེན་	རིན་ཆེན་	OTHER
རུས་པ་	རུས་པ་	NOUN
འི་	གི་	PART
རྒྱན་ཆ་	རྒྱན་ཆ་	NOUN
སིལ་སིལ་	སིལ་སིལ་	NO_POS
སྒྲོག་	སྒྲོག་	VERB
༔		PUNCT
དད་གུས་	དད་གུས་	NOUN
སྤྱན་	སྤྱན་	NOUN
གསུམ་	གསུམ་	NUM
བླ་མ་	བླ་མ་	NOUN
འི་	གི་	PART
སྐུ་	སྐུ་	NOUN
ལ་	ལ་	PART
བལྟ་	བལྟ་	VERB
༔		PUNCT
པདྨ་	པདྨ་	NOUN
ཉི་མ་	ཉི་མ་	NOUN
རྟོག་	རྟོག་	VERB
མེད་	མེད་	VERB
རོ་	རོ་	NOUN
གདན་	གདན་	NOUN
འགྱིངས་	འགྱིངས་	NO_POS
༔		PUNCT
མཁའ་དབྱིངས་	མཁའ་དབྱིངས་	OTHER
བྱིན་རླབས་	བྱིན་རླབས་	NOUN
འཇའ་འོད་	འཇའ་འོད་	NOUN
འཁྱིལ་པ་	འཁྱིལ་པ་	NO_POS
འི་	གི་	PART
ཀློང་	ཀློང་	NOUN
༔		PUNCT
པདྨ་	པདྨ་	NOUN
འབུམ་	འབུམ་	NUM
བརྡལ་	བརྡལ་	NO_POS
ཉི་ཟླ་	ཉི་ཟླ་	NOUN
འི་	གི་	PART
གདན་	གདན་	NOUN
གྱི་	གི་	PART
དབུ་	དབུ་	NOUN
༔		PUNCT
སྐུ་གསུམ་	སྐུ་གསུམ་	OTHER
རྒྱལ་བ་	རྒྱལ་བ་	NOUN
མ་	མ་	PART
ལུས་	ལུས་	NOUN
འདུས་པ་	འདུས་པ་	VERB
འི་	གི་	PART
དཔལ་	དཔལ་	OTHER
༔		PUNCT
བཀའ་དྲིན་	བཀའ་དྲིན་	NOUN
སུམ་	སུམ་	NUM
ལྡན་	ལྡན་	VERB
བླ་མ་	བླ་མ་	NOUN
རྡོ་རྗེ་	རྡོ་རྗེ་	NOUN
འཆང་	འཆང་	NO_POS
༔		PUNCT
རྗེ་བཙུན་	རྗེ་བཙུན་	NOUN
གུ་རུ་	གུ་རུ་	PROPN
བུདྡྷ་		NON_WORD
ཐོད་ཕྲེང་	ཐོད་ཕྲེང་	NO_POS
རྩལ་	རྩལ་	NOUN
༔		PUNCT
སྐུ་མདོག་	སྐུ་མདོག་	NOUN
དཀ་	དཀའ་	VERB
ར་	ལ་	PART
ལ་	ལ་	PART
དམར་བ་	དམར་བ་	VERB
འི་	གི་	PART
མདངས་	མདངས་	NOUN
ཆགས་པ་	ཆགས་པ་	VERB
༔		PUNCT
ཞལ་	ཞལ་	NOUN
གཅིག་	གཅིག་	NUM
ཞི་	ཞི་	VERB
འཛུམ་	འཛུམ་	NO_POS
ཕྱག་	ཕྱག་	NOUN
གཡའ་	གཡའ་	NOUN
རལ་གྲི་	རལ་གྲི་	NOUN
ཕྱར་	ཕྱར་	NO_POS
༔		PUNCT
གཡོན་པ་	གཡོན་པ་	ADJ
ས་	གིས་	PART
བྷནྡྷ་		NON_WORD
བདུད་རྩི་	བདུད་རྩི་	NOUN
ས་	གིས་	PART
བཀང་བ་	བཀང་བ་	VERB
བསྣམས་	བསྣམས་	NO_POS
༔		PUNCT
དབུ་སྐྲ་	དབུ་སྐྲ་	OTHER
ཐོར་ཚུགས་	ཐོར་ཚུགས་	NO_POS
སྟག་ཤམ་	སྟག་ཤམ་	NO_POS
རུས་རྒྱན་	རུས་རྒྱན་	NO_POS
སྤྲ་	སྤྲ་	NO_POS
ས་	གིས་	PART
༔		PUNCT
ཞབས་	ཞབས་	NOUN
གཉིས་	གཉིས་	NUM
སེམས་དཔ་	སེམས་དཔའ་	NOUN
འི་	གི་	PART
སྐྱིལ་ཀྲུང་	སྐྱིལ་ཀྲུང་	NOUN
འོད་ཟེར་	འོད་ཟེར་	NOUN
འཕྲོ་	འཕྲོ་	NOUN
ས་	གིས་	PART
༔		PUNCT
མཆན་ཁུང་	མཆན་ཁུང་	NOUN
གཡོན་	གཡོན་	NOUN
ན་ཁ་	ན་ཁ་	NO_POS
ཊྭཱཾ་		NON_WORD
ཀ་	ཀ་	DET
ཡི་	གིས་	PART
མཛེ་	མཛེ་	VERB
༔		PUNCT
སྤྱི་བོ་	སྤྱི་བོ་	NOUN
ར་	ལ་	PART
རིགས་	རིགས་	NOUN
བདག་	བདག་	PRON
དགའ་རབ་	དགའ་རབ་	ADJ
དཔའ་བོ་	དཔའ་བོ་	NOUN
མཆོག་	མཆོག་	ADJ
༔		PUNCT
དེ་	སྟེ་	PART
ཡི་	གི་	PART
སྤྱི་བོ་	སྤྱི་བོ་	NOUN
ར་	ལ་	PART
སྟོན་པ་	སྟོན་པ་	NOUN
རྡོ་རྗེ་	རྡོ་རྗེ་	NOUN
སེམས་	སེམས་	NOUN
༔		PUNCT
མཐའ་	མཐའ་	NOUN
བསྐོར་	བསྐོར་	VERB
བཀའ་	བཀའ་	NOUN
བརྒྱུད་	བརྒྱུད་	NO_POS
བླ་མ་	བླ་མ་	NOUN
ཡི་དམ་	ཡི་དམ་	NOUN
ལྷ་	ལྷ་	NOUN
༔		PUNCT
མཁའ་འགྲོ་	མཁའ་འགྲོ་	NOUN
ཆོས་སྐྱོང་	ཆོས་སྐྱོང་	NOUN
ཚོགས་	ཚོགས་	NOUN
བཅའ་	བཅའ་	VERB
སྤྲིན་	སྤྲིན་	NOUN
ལྟ་	ལྟ་	OTHER
གཏིབས་	གཏིབས་	NOUN
༔		PUNCT
ཚོགས་	ཚོགས་	NOUN
ཞིང་	ཅིང་	PART
གསལ་	གསལ་	VERB
གདབ་	གདབ་	NO_POS
སྤྱན་	སྤྱན་	NOUN
འདྲེན་	འདྲེན་	NO_POS
ནི་	ནི་	NO_POS
༔		PUNCT
ཧོ་	ཧོ་	NO_POS
༔		PUNCT
		
ཆོ་	ཆོ་	NOUN
ཀྱི་	གི་	PART
དབྱིངས་	དབྱིངས་	NOUN
དང་	དང་	NO_POS
ལྔ་ལྡན་	ལྔ་ལྡན་	OTHER
ཞིང་	ཅིང་	PART
༔		PUNCT
འགྲོ་	འགྲོ་	VERB
འདུལ་	འདུལ་	NO_POS
སྤྲུལ་སྐུ་	སྤྲུལ་སྐུ་	NOUN
འི་	གི་	PART
ཞིང་ཁམས་	ཞིང་ཁམས་	NOUN
ན་	ནས་	PART
༔		PUNCT
སྐུ་གསུམ་	སྐུ་གསུམ་	OTHER
ཞི་	ཞི་	VERB
ཆགས་	ཆགས་	VERB
ཁྲོ་བོ་	ཁྲོ་བོ་	NOUN
འི་	གི་	PART
ལྷ་	ལྷ་	NOUN
༔		PUNCT
བརྩེ་	བརྩེ་	NO_POS
ཆེན་	ཆེན་	NO_POS
ཐུགས་རྗེ་	ཐུགས་རྗེ་	NOUN
ས་	གིས་	PART
གནས་	གནས་	NOUN
འདི་	འདི་	DET
ར་	ལ་	PART
གཤེགས་	གཤེགས་	VERB
༔		PUNCT
ཀུན་	ཀུན་	DET
འདུ་	འདུ་	VERB
རྩ་བ་	རྩ་བ་	NOUN
འི་	གི་	PART
བླ་མ་	བླ་མ་	NOUN
ར་	ལ་	PART
ཐིམ་	ཐིམ་	NO_POS
༔		PUNCT
བདག་	བདག་	PRON
ལ་	ལ་	PART
དབང་	དབང་	NOUN
བསྐུར་	བསྐུར་	NO_POS
བྱིན་	བྱིན་	VERB
གྱི་	གི་	PART
རློབས་	རློབས་	VERB
༔		PUNCT
མཆོག་	མཆོག་	ADJ
དང་	དང་	NO_POS
ཐུན་མོང་	ཐུན་མོང་	ADJ
དངོས་གྲུབ་	དངོས་གྲུབ་	NOUN
རྩོལ་	རྩོལ་	NO_POS
༔		PUNCT
ཡན་ལག་	ཡན་ལག་	NOUN
བདུན་པ་	བདུན་པ་	NUM
འབུལ་བ་	འབུལ་བ་	VERB
ནི་	ནི་	NO_POS
༔		PUNCT
བདག་	བདག་	PRON
དང་	དང་	NO_POS
འགྲོ་	འགྲོ་	VERB
དྲུག་	དྲུག་	NUM
སེམས་ཅན་	སེམས་ཅན་	NOUN
གྱིས་	གིས་	PART
༔		PUNCT
རྡུལ་	རྡུལ་	NOUN
སྙེད་	སྙེད་	DET
ལུས་	ལུས་	NOUN
སྤྲུལ་	སྤྲུལ་	VERB
གུས་ཕྱག་	གུས་ཕྱག་	NO_POS
འཚལ་	འཚལ་	VERB
༔		PUNCT
ཀུན་བཟང་	ཀུན་བཟང་	ADJ
མཆོད་སྤྲིན་	མཆོད་སྤྲིན་	OTHER
རྒྱ་མཚོ་	རྒྱ་མཚོ་	NOUN
ས་	གིས་	PART
མཆོད་	མཆོད་	VERB
༔		PUNCT
སྡིག་ལྟུང་	སྡིག་ལྟུང་	OTHER
དམ་ཚིག་	དམ་ཚིག་	NOUN
ཉམས་	ཉམས་	NOUN
ཆགས་	ཆགས་	VERB
བཤགས་	བཤགས་	NO_POS
༔		PUNCT
བླ་མ་	བླ་མ་	NOUN
འི་	གི་	PART
མཛད་པ་	མཛད་པ་	VERB
ར་	ལ་	PART
རྗེས་	རྗེས་	NOUN
ཡི་	གི་	PART
རངས་	རངས་	NO_POS
༔		PUNCT
ཨ་	ཨ་	X
ཏིའི་		NON_WORD
ཆོས་འཁོར་	ཆོས་འཁོར་	NOUN
བསྐོར་བ་	བསྐོར་བ་	VERB
ར་	ལ་	PART
བསྐུལ་	བསྐུལ་	VERB
༔		PUNCT
སེམས་ཅན་	སེམས་ཅན་	NOUN
དོན་	དོན་	NOUN
དུ་	ལ་	PART
བཞུགས་	བཞུགས་	VERB
གསོལ་འདེབས་	གསོལ་འདེབས་	NOUN
༔		PUNCT
དགེ་ཚོགས་	དགེ་ཚོགས་	NOUN
སེམས་ཅན་	སེམས་ཅན་	NOUN
དོན་	དོན་	NOUN
དུ་	ལ་	PART
བསྔོ་	བསྔོ་	VERB
༔		PUNCT
རྩེ་གཅིག་	རྩེ་གཅིག་	ADJ
གསོལ་བ་	གསོལ་བ་	VERB
འདེབས་པ་	འདེབས་པ་	VERB
ནི་	ནི་	NO_POS
༔		PUNCT
ཀྱཻ་		NON_WORD
༔		PUNCT
		
རྗེ་བཙུན་	རྗེ་བཙུན་	NOUN
གུ་རུ་	གུ་རུ་	PROPN
རིན་པོ་ཆེ་	རིན་པོ་ཆེ་	ADJ
༔		PUNCT
བདག་ཅག་	བདག་ཅག་	PRON
འཁོར་བ་	འཁོར་བ་	NOUN
འི་	གི་	PART
གནས་	གནས་	NOUN
སུ་	ལ་	PART
འཁྱམས་	འཁྱམས་	NO_POS
༔		PUNCT
ལ་	ལ་	ADP
ས་	གིས་	PART
ཉོན་	ཉོན་	VERB
སྡུག་བསྔལ་	སྡུག་བསྔལ་	NOUN
དྲག་པོ་	དྲག་པོ་	ADJ
ས་	གིས་	PART
གཟི་	གཟི་	OTHER
ར་	ལ་	PART
༔		PUNCT
གཟུང་འཛིན་	གཟུང་འཛིན་	NOUN
ཞགས་པ་	ཞགས་པ་	NOUN
ས་	གིས་	PART
དམ་	གམ་	PART
དུ་	ལ་	PART
བཅིངས་	བཅིངས་	VERB
༔		PUNCT
ཁྱེད་	ཁྱེད་	PRON
ལ་	ལ་	ADP
ས་	གིས་	PART
རེ་	རེ་	DET
ས་	ས་	ADP
གཞན་	གཞན་	DET
དུ་	ལ་	PART
མེད་	མེད་	VERB
༔		PUNCT
མོས་གུས་	མོས་གུས་	NOUN
ལྟེམ་རྐྱང་	ལྟེམ་རྐྱང་	NO_POS
མེད་པ་	མེད་པ་	VERB
ཡི་	གིས་	PART
༔		PUNCT
གསོལ་བ་	གསོལ་བ་	VERB
སྙིང་	སྙིང་	NOUN
གི་	གི་	PART
དཀྱིལ་	དཀྱིལ་	NOUN
ན་	ནས་	PART
འདེབས་	འདེབས་	VERB
༔		PUNCT
ཁྱེད་	ཁྱེད་	PRON
ཐུགས་	ཐུགས་	NOUN
སྙིང་རྗེ་	སྙིང་རྗེ་	NOUN
ཆེན་པོ་	ཆེན་པོ་	ADJ
ཡི་	གིས་	PART
༔		PUNCT
བརྩེ་	བརྩེ་	NO_POS
ཆེན་	ཆེན་	NO_POS
ཐུགས་རྗེ་	ཐུགས་རྗེ་	NOUN
ཉེ་	ཉེ་	NUM
དགོངས་	དགོངས་	VERB
ལ་	ལ་	PART
༔		PUNCT
བྱིན་རླབས་	བྱིན་རླབས་	NOUN
ནུས་མཐུ་	ནུས་མཐུ་	NOUN
ཤུགས་དྲག་པོ་	ཤུགས་དྲག་པོ་	NO_POS
ས་	གིས་	PART
༔		PUNCT
བདག་	བདག་	PRON
རྒྱུད་	རྒྱུད་	NOUN
བྱིན་	བྱིན་	VERB
གྱིས་	གིས་	PART
བརླབས་	བརླབས་	NO_POS
ན་	ནས་	PART
ཀྱང་	ཀྱང་	PART
༔		PUNCT
ཐུགས་རྒྱུད་	ཐུགས་རྒྱུད་	NOUN
དགོངས་པ་	དགོངས་པ་	VERB
རྟོགས་པ་	རྟོགས་པ་	VERB
ར་	ལ་	PART
ཤོག་	ཤོག་	VERB
༔		PUNCT
ཨོྃ་		NON_WORD
ཨཱཿ་		NON_WORD
མ་	མ་	PART
ཧཱ་		NON_WORD
གུ་རུ་	གུ་རུ་	PROPN
རཏྣ་		NON_WORD
སིདྡྷི་		NON_WORD
ཧཱུྃ་		NON_WORD
༔		PUNCT
དད་གུས་	དད་གུས་	NOUN
མཆི་མ་	མཆི་མ་	NOUN
འཁྲུགས་པ་	འཁྲུགས་པ་	VERB
ཡི་	གིས་	PART
༔		PUNCT
		
གསོལ་འདེབས་	གསོལ་འདེབས་	NOUN
བསྙེན་པ་	བསྙེན་པ་	VERB
འདི་	འདི་	DET
ལ་	ལ་	PART
འབད་	འབད་	VERB
༔		PUNCT
བྱིང་	བྱིང་	NO_POS
ཞིང་	ཅིང་	PART
འཐིབས་པ་	འཐིབས་པ་	NO_POS
ར་	ལ་	PART
གྱུར་པ་	གྱུར་པ་	VERB
འི་	གི་	PART
ཚེ་	ཚེ་	NOUN
༔		PUNCT
		
སྣང་སྲིད་	སྣང་སྲིད་	NOUN
བླ་མ་	བླ་མ་	NOUN
མཁའ་འགྲོ་	མཁའ་འགྲོ་	NOUN
ས་	གིས་	PART
གང་	གང་	NO_POS
༔		PUNCT
		
ཆོས་ཉིད་	ཆོས་ཉིད་	NOUN
ཉམས་	ཉམས་	NOUN
ཀྱི་	གི་	PART
སྣང་བ་	སྣང་བ་	VERB
འུ་	འུ་	NO_POS
༔		PUNCT
		
སྐུ་	སྐུ་	NOUN
ཡི་ག་	ཡི་ག་	NO_POS
ར་	ལ་	PART
སྟབས་	སྟབས་	NOUN
ཁྱུགས་		NON_WORD
སེ་	སེ་	NO_POS
ཁྱུགས་		NON_WORD
༔		PUNCT
གསུང་	གསུང་	VERB
གི་	གི་	PART
ཉམས་མགུར་	ཉམས་མགུར་	OTHER
འུ་རུ་རུ་	འུ་རུ་རུ་	NO_POS
༔		PUNCT
		
བག་	བག་	NOUN
དྲོ་	དྲོ་	NOUN
ཉམས་	ཉམས་	NOUN
དག་	དགའ་	VERB
འི་	གི་	PART
ངང་	ངང་	NOUN
དུ་	ལ་	PART
བཞག་	བཞག་	VERB
༔		PUNCT
འདྲེ་གདོན་	འདྲེ་གདོན་	NOUN
གདུག་རྩུབ་	གདུག་རྩུབ་	OTHER
བྱུང་བ་	བྱུང་བ་	VERB
འི་	གི་	PART
ཚེ་	ཚེ་	NOUN
༔		PUNCT
		
ཐོག་མ་	ཐོག་མ་	NOUN
ར་	ལ་	PART
རྙིང་	རྙིང་	NO_POS
རྗེ་	རྗེ་	NO_POS
དྲག་པོ་	དྲག་པོ་	ADJ
འི་	གི་	PART
ངང་	ངང་	NOUN
༔		PUNCT
		
རང་ཉིད་	རང་ཉིད་	OTHER
མཁའ་འགྲོ་	མཁའ་འགྲོ་	NOUN
འི་	གི་	PART
ཐུགས་ཀ་	ཐུགས་ཀ་	NOUN
ན་	ནས་	PART
༔		PUNCT
འོད་ཟེར་	འོད་ཟེར་	NOUN
སྣ་	སྣ་	NOUN
ལ་	ལ་	PART
འདོད་ཡོན་	འདོད་ཡོན་	NOUN
སྤྲོས་	སྤྲོས་	VERB
༔		PUNCT
		
སྦྱིན་པ་	སྦྱིན་པ་	VERB
ས་	གིས་	PART
ཚིམ་	ཚིམ་	VERB
ཞིང་	ཅིང་	PART
གདུག་རྩུབ་	གདུག་རྩུབ་	OTHER
ཞི་	ཞི་	VERB
༔		PUNCT
		
བླ་མ་	བླ་མ་	NOUN
འི་	གི་	PART
ཐུགས་ཀ་	ཐུགས་ཀ་	NOUN
འི་	གི་	PART
འོད་ཟེར་	འོད་ཟེར་	NOUN
གྱིས་	གིས་	PART
༔		PUNCT
ཁོ་	ཁོ་	PRON
ཡི་	གི་	PART
བག་ཆགས་	བག་ཆགས་	NOUN
སྒྲིབ་པ་	སྒྲིབ་པ་	VERB
སྦྱོང་	སྦྱོང་	VERB
༔		PUNCT
		
བླ་མ་	བླ་མ་	NOUN
མཁའ་འགྲོ་	མཁའ་འགྲོ་	NOUN
འི་	གི་	PART
སྐུ་	སྐུ་	NOUN
གྱུར་	གྱུར་	VERB
ན་	ནས་	PART
༔		PUNCT
		
བདག་	བདག་	PRON
ལ་	ལ་	PART
དངོས་གྲུབ་	དངོས་གྲུབ་	NOUN
སྦྱིན་པ་	སྦྱིན་པ་	VERB
ར་	ལ་	PART
དམིགས་	དམིགས་	VERB
༔		PUNCT
ནད་	ནད་	NOUN
ཀྱིས་	གིས་	PART
ཟུག་རྔུ་	ཟུག་རྔུ་	NOUN
ས་	གིས་	PART
མནར་བ་	མནར་བ་	VERB
འི་	གི་	PART
ཚེ་	ཚེ་	NOUN
༔		PUNCT
		
ལ་	ལ་	ADP
ས་	གིས་	PART
ཀྱི་	གི་	PART
ལྷག་མ་	ལྷག་མ་	NOUN
སྨིན་	སྨིན་	VERB
གྱུར་པ་	གྱུར་པ་	VERB
ར་	ལ་	PART
༔		PUNCT
		
དགའ་བ་	དགའ་བ་	VERB
བསྒོམས་	བསྒོམས་	VERB
ཤིང་	ཅིང་	PART
གསོལ་བ་	གསོལ་བ་	VERB
འདེབས་	འདེབས་	VERB
༔		PUNCT
		
བླ་མ་	བླ་མ་	NOUN
འི་	གི་	PART
ཐུགས་ཀ་	ཐུགས་ཀ་	NOUN
འི་	གི་	PART
འོད་ཟེར་	འོད་ཟེར་	NOUN
གྱིས་	གིས་	PART
༔		PUNCT
འགྲོ་བ་	འགྲོ་བ་	VERB
འི་	གི་	PART
ནད་	ནད་	NOUN
རྣམས་	རྣམས་	DET
རང་	རང་	PRON
ལ་	ལ་	PART
བསྡུ་	བསྡུ་	VERB
༔		PUNCT
		
རིགས་	རིགས་	NOUN
བདག་	བདག་	PRON
སྐུ་	སྐུ་	NOUN
ལ་	ལ་	ADP
ས་	གིས་	PART
ཡེ་ཤེས་	ཡེ་ཤེས་	NOUN
མེ་	མེ་	NOUN
ས་	གིས་	PART
༔		PUNCT
		
རང་	རང་	PRON
ལུས་	ལུས་	NOUN
ནད་གདོན་	ནད་གདོན་	OTHER
བག་ཆགས་	བག་ཆགས་	NOUN
བསྲེགས་	བསྲེགས་	NO_POS
༔		PUNCT
དམིགས་མེད་	དམིགས་མེད་	NO_POS
སྟོང་པ་	སྟོང་པ་	VERB
འི་	གི་	PART
ངང་	ངང་	NOUN
དུ་	ལ་	PART
བཞག་	བཞག་	VERB
༔		PUNCT
ཉོན་མོངས་	ཉོན་མོངས་	NOUN
འཕྲོ་རྒོད་	འཕྲོ་རྒོད་	NO_POS
དྲག་པོ་	དྲག་པོ་	ADJ
འི་	གི་	PART
ཚེ་	ཚེ་	NOUN
༔		PUNCT
		
བླ་མ་	བླ་མ་	NOUN
འི་	གི་	PART
ཐུགས་ཀ་	ཐུགས་ཀ་	NOUN
ར་	ལ་	PART
ཤེས་པ་	ཤེས་པ་	VERB
གཏད་	གཏད་	VERB
༔		PUNCT
		
དུག་	དུག་	NOUN
ལྔ་	ལྔ་	NUM
རང་ཉིད་	རང་ཉིད་	OTHER
ངོ་བོ་	ངོ་བོ་	NOUN
བལྟ་	བལྟ་	VERB
༔		PUNCT
		
ལུས་སེམས་	ལུས་སེམས་	NOUN
ཁོང་	ཁོང་	PRON
ལྷོད་	ལྷོད་	NO_POS
ཁ་	ཁ་	PRON
ཡན་	ཡན་	ADV
བཞག་	བཞག་	VERB
༔		PUNCT
གནད་	གནད་	NOUN
ཀྱི་	གི་	PART
གདམས་པ་	གདམས་པ་	VERB
ཟབ་མོ་	ཟབ་མོ་	ADJ
འོ་	གོ་	PART
༔		PUNCT
དེ་ནས་	དེ་ནས་	NO_POS
བརྒྱུད་བ་	བརྒྱུད་བ་	NO_POS
འི་	གི་	PART
གསོལ་འདེབས་	གསོལ་འདེབས་	NOUN
ནི་	ནི་	NO_POS
༔		PUNCT
ཨེ་མ་ཧོ་	ཨེ་མ་ཧོ་	INTJ
༔		PUNCT
གཞོན་ནུ་	གཞོན་ནུ་	ADJ
བུམ་སྐུ་	བུམ་སྐུ་	NO_POS
འི་	གི་	PART
ངོ་བོ་	ངོ་བོ་	NOUN
སྟོང་	སྟོང་	NUM
ཆེན་	ཆེན་	NO_POS
ཡུམ་	ཡུམ་	NOUN
༔		PUNCT
རང་	རང་	PRON
གདངས་	གདངས་	NOUN
འགག་	འགག་	VERB
ས་	གིས་	PART
མེད་	མེད་	VERB
ཀུན་	ཀུན་	DET
ཏུ་	ལ་	PART
བཟང་པོ་	བཟང་པོ་	ADJ
ཤ་	ཤ་	VERB
༔		PUNCT
ཐུགས་རྗེ་	ཐུགས་རྗེ་	NOUN
འི་	གི་	PART
རང་	རང་	PRON
རྩལ་	རྩལ་	NOUN
སྟོན་པ་	སྟོན་པ་	NOUN
རྡོ་རྗེ་	རྡོ་རྗེ་	NOUN
སེམས་	སེམས་	NOUN
༔		PUNCT
ཤེས་རབ་	ཤེས་རབ་	NOUN
ཡུམ་	ཡུམ་	NOUN
མཆོག་	མཆོག་	ADJ
ཡེ་ཤེས་	ཡེ་ཤེས་	NOUN
ཌཱ་ཀི་	ཌཱ་ཀི་	NOUN
མ་	མ་	NOUN
༔		PUNCT
གསོལ་བ་	གསོལ་བ་	VERB
འདེབས་	འདེབས་	VERB
སོ་	གོ་	PART
བདག་	བདག་	PRON
རྒྱུད་	རྒྱུད་	NOUN
བྱིན་	བྱིན་	VERB
གྱིས་	གིས་	PART
རློབས་	རློབས་	VERB
༔		PUNCT
བདེ་ཆེན་	བདེ་ཆེན་	NOUN
འགྱུར་མེད་	འགྱུར་མེད་	NOUN
བཛྲ་	བཛྲ་	NO_POS
ཝཱ་	ཝཱ་	NO_POS
ར་	ར་	ADP
ཧི་	ཧི་	NO_POS
༔		PUNCT
བཀའ་	བཀའ་	NOUN
ཡི་	གི་	PART
བསྡུ་བ་	བསྡུ་བ་	VERB
གསང་བདག་	གསང་བདག་	OTHER
རྡོ་རྗེ་	རྡོ་རྗེ་	NOUN
འཛིན་	འཛིན་	VERB
༔		PUNCT
དཀྱིལ་འཁོར་	དཀྱིལ་འཁོར་	NOUN
གཙོ་བོ་	གཙོ་བོ་	ADJ
ཁྲ་	ཁྲ་	NOUN
འཐུག་	འཐུག་	NO_POS
ཧེ་རུ་ཀ་	ཧེ་རུ་ཀ་	NOUN
༔		PUNCT
གསང་བ་	གསང་བ་	VERB
འི་	གི་	PART
ཡུམ་	ཡུམ་	NOUN
མཆོག་	མཆོག་	ADJ
ལྷ་ལྕམ་	ལྷ་ལྕམ་	NO_POS
བདེ་	བདེ་	VERB
སྟེར་	སྟེར་	VERB
མ་	མ་	NOUN
༔		PUNCT
གསོལ་བ་	གསོལ་བ་	VERB
འདེབས་	འདེབས་	VERB
སོ་	གོ་	PART
བདག་	བདག་	PRON
རྒྱུད་	རྒྱུད་	NOUN
བྱིན་	བྱིན་	VERB
གྱིས་	གིས་	PART
རློབས་	རློབས་	VERB
༔		PUNCT
ཞིང་ཁམས་	ཞིང་ཁམས་	NOUN
དབང་	དབང་	NOUN
བསྒྱུར་	བསྒྱུར་	VERB
བདེ་བ་	བདེ་བ་	VERB
དབྱིངས་	དབྱིངས་	NOUN
སྒྲོན་མ་	སྒྲོན་མ་	NOUN
༔		PUNCT
བཀའ་	བཀའ་	NOUN
ཡི་	གི་	PART
བསྡུ་བ་	བསྡུ་བ་	VERB
རིག་འཛིན་	རིག་འཛིན་	OTHER
རྡོ་རྗེ་	རྡོ་རྗེ་	NOUN
འི་	གི་	PART
ལྗགས་	ལྗགས་	NOUN
༔		PUNCT
མཆོག་	མཆོག་	ADJ
གི་	གི་	PART
བཀའ་	བཀའ་	NOUN
བབ་	བབ་	VERB
རིག་པ་	རིག་པ་	VERB
འཛིན་	འཛིན་	VERB
རྣམས་	རྣམས་	DET
དང་	དང་	NO_POS
༔		PUNCT
འབུམ་ཕྲག་	འབུམ་ཕྲག་	OTHER
ཡངས་པ་	ཡངས་པ་	ADJ
འི་	གི་	PART
ཡེ་ཤེས་	ཡེ་ཤེས་	NOUN
མཁའ་འགྲོ་	མཁའ་འགྲོ་	NOUN
འི་	གི་	PART
ཚོགས་	ཚོགས་	NOUN
༔		PUNCT
གསོལ་བ་	གསོལ་བ་	VERB
འདེབས་	འདེབས་	VERB
སོ་	གོ་	PART
བདག་	བདག་	PRON
རྒྱུད་	རྒྱུད་	NOUN
བྱིན་	བྱིན་	VERB
གྱིས་	གིས་	PART
རློབས་	རློབས་	VERB
༔		PUNCT
མཐའ་འཁོབ་	མཐའ་འཁོབ་	NOUN
གདོང་	གདོང་	NOUN
དམར་	དམར་	VERB
བོད་ཡུལ་	བོད་ཡུལ་	PROPN
སྲིན་པོ་	སྲིན་པོ་	NOUN
འི་	གི་	PART
གླིང་	གླིང་	NOUN
༔		PUNCT
ཡང་གསང་	ཡང་གསང་	OTHER
ལུས་མེད་	ལུས་མེད་	NOUN
མཁའ་འགྲོ་	མཁའ་འགྲོ་	NOUN
འི་	གི་	PART
ཐུགས་	ཐུགས་	NOUN
ཐིག་	ཐིག་	NOUN
ཆོ་	ཆོ་	NOUN
༔		PUNCT
བརྡ་	བརྡ་	NOUN
བསྒྱུར་	བསྒྱུར་	VERB
རིག་འཛིན་	རིག་འཛིན་	OTHER
ཁྲག་འཐུང་	ཁྲག་འཐུང་	PROPN
ཧེ་རུ་ཀ་	ཧེ་རུ་ཀ་	NOUN
༔		PUNCT
ཆོས་བདག་	ཆོས་བདག་	NO_POS
གྲོག་	གྲོག་	NOUN
མཛད་	མཛད་	VERB
འདོད་	འདོད་	VERB
ལྡན་	ལྡན་	VERB
ཀུན་	ཀུན་	DET
སྐྱོང་མ་	སྐྱོང་མ་	NO_POS
༔		PUNCT
གསོལ་བ་	གསོལ་བ་	VERB
འདེབས་	འདེབས་	VERB
སོ་	གོ་	PART
བདག་	བདག་	PRON
རྒྱུད་	རྒྱུད་	NOUN
བྱིན་	བྱིན་	VERB
གྱིས་	གིས་	PART
རློབས་	རློབས་	VERB
༔		PUNCT
དབྱིངས་	དབྱིངས་	NOUN
རིག་	རིག་	VERB
སྤྲུལ་བསྒྱུར་	སྤྲུལ་བསྒྱུར་	NO_POS
ཌཱ་ཀི་	ཌཱ་ཀི་	NOUN
མཆེད་	མཆེད་	NOUN
གཉིས་	གཉིས་	NUM
དང་	དང་	NO_POS
༔		PUNCT
སྐལ་ལྡན་	སྐལ་ལྡན་	ADJ
ལས་ཅན་	ལས་ཅན་	ADJ
བཀའ་	བཀའ་	NOUN
བབ་	བབ་	VERB
རྡོ་རྗེ་	རྡོ་རྗེ་	NOUN
འི་	གི་	PART
གྲོག་	གྲོག་	NOUN
༔		PUNCT
བཀའ་	བཀའ་	NOUN
ཡི་	གི་	PART
ལ་	ལ་	ADP
ས་	གིས་	PART
མཛད་	མཛད་	VERB
བསྟན་སྲུང་	བསྟན་སྲུང་	OTHER
དམ་ཅན་	དམ་ཅན་	NOUN
སྡེ་	སྡེ་	NOUN
༔		PUNCT
གཉེར་འཛིན་	གཉེར་འཛིན་	NO_POS
དྲེགས་པ་	དྲེགས་པ་	VERB
འི་	གི་	PART
སྡེ་དཔོན་	སྡེ་དཔོན་	OTHER
ཚོགས་	ཚོགས་	NOUN
བཅའ་	བཅའ་	VERB
ལ་	ལ་	PART
༔		PUNCT
གསོལ་བ་	གསོལ་བ་	VERB
འདེབས་	འདེབས་	VERB
སོ་	གོ་	PART
བདག་	བདག་	PRON
རྒྱུད་	རྒྱུད་	NOUN
བྱིན་	བྱིན་	VERB
གྱིས་	གིས་	PART
རློབས་	རློབས་	VERB
༔		PUNCT
རྩེ་གཅིག་	རྩེ་གཅིག་	ADJ
གསོལ་བ་	གསོལ་བ་	VERB
བཏབ་པ་	བཏབ་པ་	VERB
འི་	གི་	PART
བྱིན་རླབས་	བྱིན་རླབས་	NOUN
ཀྱིས་	གིས་	PART
༔		PUNCT
བདག་ཅག་	བདག་ཅག་	PRON
དམ་ལྡན་	དམ་ལྡན་	NO_POS
རྡོ་རྗེ་	རྡོ་རྗེ་	NOUN
འི་	གི་	PART
མིང་སྲིང་	མིང་སྲིང་	NOUN
ཚོགས་	ཚོགས་	NOUN
༔		PUNCT
བླ་མ་	བླ་མ་	NOUN
ར་	ལ་	PART
རྩེ་གཅིག་	རྩེ་གཅིག་	ADJ
མོས་གུས་	མོས་གུས་	NOUN
གདུང་	གདུང་	NOUN
ཚུགས་ཤིང་	ཚུགས་ཤིང་	NOUN
༔		PUNCT
མི་རྟག་	མི་རྟག་	OTHER
འཁོར་བ་	འཁོར་བ་	NOUN
ཞེན་པ་	ཞེན་པ་	VERB
རང་	རང་	PRON
ལོག་	ལོག་	VERB
ན་	ནས་	PART
༔		PUNCT
ཆགས་སྡང་	ཆགས་སྡང་	NOUN
སྒྲོག་	སྒྲོག་	VERB
ལ་	ལ་	ADP
ས་	གིས་	PART
གྲོལ་བ་	གྲོལ་བ་	VERB
ར་	ལ་	PART
བྱིན་	བྱིན་	VERB
གྱིས་	གིས་	PART
རློབས་	རློབས་	VERB
༔		PUNCT
གྲོང་	གྲོང་	NOUN
དང་	དང་	NO_POS
གྲོང་ཁྱེར་	གྲོང་ཁྱེར་	NOUN
དུར་ཁྲོད་	དུར་ཁྲོད་	NOUN
ཤིང་	ཅིང་	PART
གཅིག་	གཅིག་	NUM
དྲུང་	དྲུང་	NOUN
༔		PUNCT
ནགས་ཁྲོད་	ནགས་ཁྲོད་	NOUN
བས་མཐའ་	བས་མཐའ་	NO_POS
མཚོ་	མཚོ་	NOUN
གླིང་	གླིང་	NOUN
བྲག་སྐྱིབས་	བྲག་སྐྱིབས་	NO_POS
སོགས་	སོགས་	DET
༔		PUNCT
ངེས་མེད་	ངེས་མེད་	ADJ
གནས་	གནས་	NOUN
སུ་	ལ་	PART
གཅིག་པུ་	གཅིག་པུ་	ADJ
ར་	ལ་	PART
སྒྲུབ་	སྒྲུབ་	VERB
ལ་	ལ་	PART
བརྩོན་	བརྩོན་	VERB
༔		PUNCT
གཏད་མེད་	གཏད་མེད་	NO_POS
སྨྱོན་པ་	སྨྱོན་པ་	VERB
ལྟ་བུ་	ལྟ་བུ་	NOUN
འི་	གི་	PART
བརྟུལ་ཞུགས་	བརྟུལ་ཞུགས་	NOUN
ཀྱིས་	གིས་	PART
༔		PUNCT
རྩ་	རྩ་	NUM
རླུང་	རླུང་	NOUN
ཐིག་ལེ་	ཐིག་ལེ་	NOUN
ལ་	ལ་	ADP
ས་	གིས་	PART
སུ་	ལ་	PART
རུང་བ་	རུང་བ་	VERB
ར་	ལ་	PART
ཤོག་	ཤོག་	VERB
༔		PUNCT
ཉིན་	ཉིན་	NOUN
སྣང་	སྣང་	VERB
སྐུ་	སྐུ་	NOUN
དང་	དང་	NO_POS
ཡེ་ཤེས་	ཡེ་ཤེས་	NOUN
རང་	རང་	PRON
ངོ་	གོ་	PART
ཤེ་	ཤེ་	VERB
༔		PUNCT
མཚན་སྣང་	མཚན་སྣང་	NO_POS
རྨི་ལམ་	རྨི་ལམ་	NOUN
འོད་གསལ་	འོད་གསལ་	NOUN
སྦུབས་	སྦུབས་	NOUN
སུ་	ལ་	PART
འཇག་	འཇག་	NO_POS
༔		PUNCT
བར་དོ་	བར་དོ་	NOUN
ར་	ལ་	PART
བླ་མ་	བླ་མ་	NOUN
འི་	གི་	PART
གདམས་ངག་	གདམས་ངག་	NOUN
གཟེར་	གཟེར་	NO_POS
གྱིས་	གིས་	PART
ཐེབས་	ཐེབས་	VERB
༔		PUNCT
ཁྲེགས་ཆོད་	ཁྲེགས་ཆོད་	NO_POS
ཐོད་རྒལ་	ཐོད་རྒལ་	OTHER
འབྲས་བུ་	འབྲས་བུ་	NOUN
འི་	གི་	PART
རྩལ་	རྩལ་	NOUN
རྫོགས་	རྫོགས་	VERB
ན་	ནས་	PART
༔		PUNCT
སྦུབས་	སྦུབས་	NOUN
འཇུག་	འཇུག་	VERB
གདོད་མ་	གདོད་མ་	OTHER
འི་	གི་	PART
དབྱིངས་	དབྱིངས་	NOUN
སུ་	ལ་	PART
གྲོལ་	གྲོལ་	VERB
པར་ཤོག་	པར་ཤོག་	NO_POS
༔		PUNCT
བདག་ཅག་	བདག་ཅག་	PRON
འབྲེལ་བ་	འབྲེལ་བ་	VERB
ས་	གིས་	PART
བསྡུས་པ་	བསྡུས་པ་	VERB
འི་	གི་	PART
གང་ཟག་	གང་ཟག་	NOUN
ཀུན་	ཀུན་	DET
༔		PUNCT
མ་	མ་	PART
རྟོགས་	རྟོགས་	VERB
འཁྲུལ་པ་	འཁྲུལ་པ་	NO_POS
འི་	གི་	PART
འཛིན་	འཛིན་	VERB
ཞེན་	ཞེན་	VERB
རང་ས་	རང་ས་	OTHER
ར་	ལ་	PART
གྲོལ་	གྲོལ་	VERB
༔		PUNCT
བཟང་ངན་	བཟང་ངན་	ADJ
དགའ་	དགའ་	VERB
སྡུག་	སྡུག་	VERB
རེ་དོགས་	རེ་དོགས་	NOUN
བླང་དོར་	བླང་དོར་	NOUN
ཞིག་	ཅིག་	PART
༔		PUNCT
ཉོན་མོངས་	ཉོན་མོངས་	NOUN
བག་ཆགས་	བག་ཆགས་	NOUN
དྲི་མ་	དྲི་མ་	NOUN
རང་	རང་	PRON
དག་	དག་	DET
ན་	ནས་	PART
༔		PUNCT
ཡང་གསང་	ཡང་གསང་	OTHER
ཐུགས་	ཐུགས་	NOUN
ཐིག་	ཐིག་	NOUN
གདུལ་བྱ་	གདུལ་བྱ་	NOUN
ར་	ལ་	PART
འགྱུར་བ་	འགྱུར་བ་	VERB
ར་	ལ་	PART
ཤོག་	ཤོག་	VERB
༔		PUNCT
གཞན་	གཞན་	DET
ཡང་	ཀྱང་	PART
མཐོང་ཐོས་	མཐོང་ཐོས་	OTHER
དྲན་	དྲན་	VERB
རིག་	རིག་	VERB
ལ་	ལ་	ADP
ས་	གིས་	PART
ཀྱིས་	གིས་	PART
འབྲེལ་	འབྲེལ་	VERB
༔		PUNCT
མཁའ་ཁྱབ་	མཁའ་ཁྱབ་	NOUN
ཕ་མ་	ཕ་མ་	NOUN
སེམས་ཅན་	སེམས་ཅན་	NOUN
མ་	མ་	PART
ལུས་	ལུས་	NOUN
ཀུན་	ཀུན་	DET
༔		PUNCT
སྟོང་ཉིད་	སྟོང་ཉིད་	NOUN
བྱང་ཆུབ་	བྱང་ཆུབ་	NOUN
སེམས་	སེམས་	NOUN
མཆོག་	མཆོག་	ADJ
རྒྱུད་	རྒྱུད་	NOUN
ལ་	ལ་	PART
སྐྱེ་	སྐྱེ་	VERB
༔		PUNCT
བདེ་ལྡན་	བདེ་ལྡན་	NO_POS
ཞིང་	ཅིང་	PART
དང་	དང་	NO_POS
འོག་མིན་	འོག་མིན་	PROPN
དཔལ་	དཔལ་	OTHER
གྱི་	གི་	PART
རི་	རི་	NOUN
ར་	ལ་	PART
༔		PUNCT
མངོན་	མངོན་	VERB
སངས་རྒྱས་	སངས་རྒྱས་	NOUN
ན་	ནས་	PART
འཁོར་བ་	འཁོར་བ་	NOUN
ཡོངས་	ཡོངས་	DET
སྟོངས་	སྟོངས་	VERB
ཤོག་	ཤོག་	VERB
༔		PUNCT
ཐུན་	ཐུན་	NOUN
མཇུག་	མཇུག་	NOUN
དབང་	དབང་	NOUN
བཞི་	བཞི་	NUM
ལེན་པ་	ལེན་པ་	VERB
ནི་	ནི་	NO_POS
༔		PUNCT
མོས་གུས་	མོས་གུས་	NOUN
རྩེ་གཅིག་	རྩེ་གཅིག་	ADJ
གསོལ་བ་	གསོལ་བ་	VERB
བཏབ་པ་	བཏབ་པ་	VERB
ཡི་	གིས་	PART
༔		PUNCT
བླ་མ་	བླ་མ་	NOUN
འི་	གི་	PART
དཔྲལ་བ་	དཔྲལ་བ་	NOUN
འི་	གི་	PART
འོད་	འོད་	NOUN
དཀ་	དཀའ་	VERB
ར་	ལ་	PART
སྤྱི་བོ་	སྤྱི་བོ་	NOUN
ར་	ལ་	PART
ཞུགས་	ཞུགས་	VERB
༔		PUNCT
ལུས་	ལུས་	NOUN
རྩ་	རྩ་	NUM
འི་	གི་	PART
སྒྲིབ་	སྒྲིབ་	NOUN
དག་	དག་	DET
བུམ་པ་	བུམ་པ་	NOUN
འི་	གི་	PART
དབང་མཆོག་	དབང་མཆོག་	NO_POS
ཐོབ་	ཐོབ་	VERB
༔		PUNCT
ཞལ་	ཞལ་	NOUN
ན་	ནས་	PART
འོད་དམར་	འོད་དམར་	NO_POS
བདག་	བདག་	PRON
གི་	གི་	PART
མགྲིན་པ་	མགྲིན་པ་	NOUN
ར་	ལ་	PART
ཐིམ་	ཐིམ་	NO_POS
༔		PUNCT
ངག་	ངག་	NOUN
རླུང་སྒྲིབ་	རླུང་སྒྲིབ་	NO_POS
དག་	དག་	DET
གསང་བ་	གསང་བ་	VERB
འི་	གི་	PART
དབང་མཆོག་	དབང་མཆོག་	NO_POS
ཐོབ་	ཐོབ་	VERB
༔		PUNCT
ཐུགས་ཀ་	ཐུགས་ཀ་	NOUN
འི་	གི་	PART
འོད་	འོད་	NOUN
མཐིང་	མཐིང་	NO_POS
རང་	རང་	PRON
གི་	གི་	PART
སྙིང་ག་	སྙིང་ག་	NOUN
ར་	ལ་	PART
ཐིམ་	ཐིམ་	NO_POS
༔		PUNCT
ཡིད་	ཡིད་	NOUN
ཐིག་	ཐིག་	NOUN
སྒྲིབ་	སྒྲིབ་	NOUN
དག་	དག་	DET
ཡེ་ཤེས་	ཡེ་ཤེས་	NOUN
དབང་མཆོག་	དབང་མཆོག་	NO_POS
ཐོབ་	ཐོབ་	VERB
༔		PUNCT
ཐུགས་ལས་	ཐུགས་ལས་	NOUN
ཨ་	ཨ་	X
དཀ་	དཀའ་	VERB
ར་	ལ་	PART
སྙིང་	སྙིང་	NOUN
གི་	གི་	PART
དཀྱིལ་	དཀྱིལ་	NOUN
དུ་	ལ་	PART
བབ་	བབ་	VERB
༔		PUNCT
ཀུན་ཤེས་	ཀུན་ཤེས་	PROPN
སྒྲིབ་	སྒྲིབ་	NOUN
དག་	དག་	DET
རིག་པ་	རིག་པ་	VERB
འི་	གི་	PART
རྩལ་	རྩལ་	NOUN
དབང་	དབང་	NOUN
ཐོབ་	ཐོབ་	VERB
༔		PUNCT
རྡོ་རྗེ་	རྡོ་རྗེ་	NOUN
བཞི་	བཞི་	NUM
ར་	ལ་	PART
རྫོགས་	རྫོགས་	VERB
རིག་འཛིན་	རིག་འཛིན་	OTHER
རྣམ་	རྣམ་	NOUN
བཞི་	བཞི་	NUM
ར་	ལ་	PART
སྨིན་	སྨིན་	VERB
༔		PUNCT
འབྲས་བུ་	འབྲས་བུ་	NOUN
སྐུ་བཞི་	སྐུ་བཞི་	OTHER
འི་	གི་	PART
ཡེ་ཤེས་	ཡེ་ཤེས་	NOUN
མངོན་དུ་	མངོན་དུ་	NO_POS
གྱུར་	གྱུར་	VERB
༔		PUNCT
བླ་མ་	བླ་མ་	NOUN
འི་	གི་	PART
ཐུགས་	ཐུགས་	NOUN
དང་	དང་	NO_POS
རང་སེམས་	རང་སེམས་	NOUN
དབྱེ་	དབྱེ་	VERB
ར་	ལ་	PART
མེད་	མེད་	VERB
དུ་	ལ་	PART
༔		PUNCT
གཉུག་	གཉུག་	NO_POS
མ་མ་	མ་མ་	NOUN
བཅོ་	བཅོ་	NUM
ས་	གིས་	PART
ངང་	ངང་	NOUN
དུ་	ལ་	PART
རྗེན་པ་	རྗེན་པ་	NO_POS
ར་	ལ་	PART
བཞག་	བཞག་	VERB
༔		PUNCT
ཉམས་ལེན་	ཉམས་ལེན་	NOUN
བླ་མ་	བླ་མ་	NOUN
འི་	གི་	PART
རྣལ་འབྱོར་	རྣལ་འབྱོར་	NOUN
ཟབ་མོ་	ཟབ་མོ་	ADJ
འདི་	འདི་	DET
༔		PUNCT
		
རྩེ་གཅིག་	རྩེ་གཅིག་	ADJ
ཉམས་	ཉམས་	NOUN
སུ་	ལ་	PART
ལོངས་	ལོངས་	VERB
ཤིག་	ཅིག་	PART
སྐལ་ལྡན་	སྐལ་ལྡན་	ADJ
བུ་	བུ་	NOUN
༔		PUNCT
		
གྲུབ་འབྲས་	གྲུབ་འབྲས་	OTHER
མངོན་དུ་	མངོན་དུ་	NO_POS
འགྱུར་བ་	འགྱུར་བ་	VERB
གདོན་	གདོན་	NOUN
མི་	མི་	PART
ཟ་	ཟ་	VERB
༔		PUNCT
ཐུགས་རྒྱུད་	ཐུགས་རྒྱུད་	NOUN
དགོངས་པ་	དགོངས་པ་	VERB
རྟོགས་པ་	རྟོགས་པ་	VERB
འི་	གི་	PART
མན་ངག་	མན་ངག་	NOUN
གོ་	གོ་	PART
༔		PUNCT
མཚན་མོ་	མཚན་མོ་	ADV
ར་	ལ་	PART
བླ་མ་	བླ་མ་	NOUN
ནང་ལྟར་	ནང་ལྟར་	NO_POS
བསྒྲུབ་པ་	བསྒྲུབ་པ་	VERB
ནི་	ནི་	NO_POS
༔		PUNCT
		
རྣལ་འབྱོར་	རྣལ་འབྱོར་	NOUN
མ་	མ་	PART
ཡི་	གི་	PART
གསལ་སྣང་	གསལ་སྣང་	PROPN
མ་	མ་	PART
བྲལ་	བྲལ་	VERB
ངང་	ངང་	NOUN
༔		PUNCT
ཨེ་མ་ཧོ་	ཨེ་མ་ཧོ་	INTJ
༔		PUNCT
ཪང་		NON_WORD
ལུས་	ལུས་	NOUN
འཇའ་ཚོན་	འཇའ་ཚོན་	NOUN
ལྟ་	ལྟ་	OTHER
གསལ་	གསལ་	VERB
ལུས་	ལུས་	NOUN
དབུ་	དབུ་	NOUN
སུ་	ལ་	PART
༔		PUNCT
ཙིཏྟ་		NON_WORD
རིན་ཆེན་	རིན་ཆེན་	OTHER
འོད་	འོད་	NOUN
ཀྱི་	གི་	PART
གུར་ཁང་	གུར་ཁང་	NOUN
ནང་	ནང་	NOUN
༔		PUNCT
པདྨ་	པདྨ་	NOUN
ཉི་ཟླ་	ཉི་ཟླ་	NOUN
བརྩེགས་པ་	བརྩེགས་པ་	VERB
འི་	གི་	PART
གདན་	གདན་	NOUN
སྟེང་	སྟེང་	NOUN
དུ་	ལ་	PART
༔		PUNCT
བུདྡྷ་		NON_WORD
ཐོད་ཕྲེང་	ཐོད་ཕྲེང་	NO_POS
ལོངས་སྐུ་	ལོངས་སྐུ་	NOUN
འི་	གི་	PART
ཆ་ལུགས་	ཆ་ལུགས་	NOUN
རྫོགས་	རྫོགས་	VERB
༔		PUNCT
མཐིང་	མཐིང་	NO_POS
གསལ་	གསལ་	VERB
སྐྱིལ་ཀྲུང་	སྐྱིལ་ཀྲུང་	NOUN
མཉམ་བཞག་	མཉམ་བཞག་	NOUN
གསེར་རྡོ་	གསེར་རྡོ་	NO_POS
ར་	ལ་	PART
མཚན་	མཚན་	NOUN
༔		PUNCT
ཐུགས་ཀ་	ཐུགས་ཀ་	NOUN
ར་	ལ་	PART
ཨ་	ཨ་	X
དཀ་	དཀའ་	VERB
ར་	ལ་	PART
དྲི་མེད་	དྲི་མེད་	ADJ
ཟླ་བ་	ཟླ་བ་	NOUN
འི་	གི་	PART
མདོག་	མདོག་	NOUN
༔		PUNCT
སུམ་མདོ་	སུམ་མདོ་	NO_POS
ར་	ལ་	PART
འོད་དམར་	འོད་དམར་	NO_POS
ཐིག་ལེ་	ཐིག་ལེ་	NOUN
ཨ་	ཨ་	X
ཐུང་	ཐུང་	VERB
གཟུགས་	གཟུགས་	NOUN
༔		PUNCT
འོད་	འོད་	NOUN
ཀྱི་	གི་	PART
ལུས་	ལུས་	NOUN
ནང་	ནང་	NOUN
སྒྲོན་མེ་	སྒྲོན་མེ་	NOUN
ཇི་བཞིན་	ཇི་བཞིན་	OTHER
གསལ་	གསལ་	VERB
༔		PUNCT
རིག་པ་	རིག་པ་	VERB
མ་	མ་	PART
བཅོ་	བཅོ་	NUM
ས་	གིས་	PART
རྗེན་	རྗེན་	NO_POS
མེད་	མེད་	VERB
ངང་	ངང་	NOUN
དུ་	ལ་	PART
བཞག་	བཞག་	VERB
༔		PUNCT
		
ཨ་	ཨ་	X
༔		PUNCT
སྐྱེ་	སྐྱེ་	NOUN
མེད་	མེད་	VERB
སྙིང་པོ་	སྙིང་པོ་	NOUN
བརྒྱ་རྩ་	བརྒྱ་རྩ་	OTHER
བརྒྱད་	བརྒྱད་	NUM
དུ་	ལ་	PART
བསྒྲང་	བསྒྲང་	NO_POS
༔		PUNCT
		
རིག་པ་	རིག་པ་	VERB
ཨ་	ཨ་	X
ར་	ལ་	PART
གཏད་	གཏད་	VERB
སྤྲོས་བྲལ་	སྤྲོས་བྲལ་	ADJ
ངང་	ངང་	NOUN
ཉིད་	ཉིད་	DET
ལ་	ལ་	ADP
ས་	གིས་	PART
༔		PUNCT
		
རྨི་ལམ་	རྨི་ལམ་	NOUN
འོད་གསལ་	འོད་གསལ་	NOUN
ངང་	ངང་	NOUN
དུ་	ལ་	PART
འཇུག་པ་	འཇུག་པ་	VERB
འོ་	གོ་	PART
༔		PUNCT
འདི་	འདི་	DET
ནི་	ནི་	NO_POS
གནད་	གནད་	NOUN
ཀྱི་	གི་	PART
མན་ངག་	མན་ངག་	NOUN
ཟབ་མོ་	ཟབ་མོ་	ADJ
སྟེ་	སྟེ་	PART
༔		PUNCT
		
རང་སེམས་	རང་སེམས་	NOUN
ཆོས་སྐུ་	ཆོས་སྐུ་	NOUN
ར་	ལ་	PART
རྟོགས་པ་	རྟོགས་པ་	VERB
འི་	གི་	PART
གདམས་པ་	གདམས་པ་	VERB
འོ་	གོ་	PART
༔		PUNCT
		
ནང་ལྟར་	ནང་ལྟར་	NO_POS
བསྒྲུབ་པ་	བསྒྲུབ་པ་	VERB
བྱིན་རླབས་	བྱིན་རླབས་	NOUN
སྤྲིན་ཕུང་	སྤྲིན་ཕུང་	NOUN
འདི་	འདི་	DET
༔		PUNCT
ཚེ་	ཚེ་	NOUN
གཅིག་	གཅིག་	NUM
སངས་རྒྱས་	སངས་རྒྱས་	NOUN
བསྒྲུབ་པ་	བསྒྲུབ་པ་	VERB
འི་	གི་	PART
ཁྱད་ཆོས་	ཁྱད་ཆོས་	NOUN
སོ་	གོ་	PART
༔		PUNCT
ཨེ་	ཨེ་	PART
མཿ་		NON_WORD
		
ཤིན་ཏུ་	ཤིན་ཏུ་	NO_POS
གསང་བ་	གསང་བ་	VERB
ལ་	ལ་	ADP
ས་	གིས་	PART
ཀྱང་	ཀྱང་	PART
ཆེ་	ཆེ་	VERB
གསང་བ་	གསང་བ་	VERB
༔		PUNCT
		
ཡང་གསང་	ཡང་གསང་	OTHER
བླ་མེད་	བླ་མེད་	ADJ
ཟབ་མོ་	ཟབ་མོ་	ADJ
ཐུགས་	ཐུགས་	NOUN
ཐིག་	ཐིག་	NOUN
གི་	གི་	PART
༔		PUNCT
		
སྔོན་འགྲོ་	སྔོན་འགྲོ་	NOUN
འི་	གི་	PART
ལམ་རིམ་	ལམ་རིམ་	NOUN
ཉམས་	ཉམས་	NOUN
སུ་	ལ་	PART
ལེན་པ་	ལེན་པ་	VERB
འི་	གི་	PART
ཐབས་	ཐབས་	NOUN
༔		PUNCT
ཡིད་བཞིན་	ཡིད་བཞིན་	OTHER
ནོར་བུ་	ནོར་བུ་	NOUN
འི་	གི་	PART
ཕྲེང་བ་	ཕྲེང་བ་	NOUN
ཞེ་	ཅེས་	PART
བྱ་བ་	བྱ་བ་	VERB
༔		PUNCT
		
སྟོན་པ་	སྟོན་པ་	NOUN
དགའ་རབ་	དགའ་རབ་	ADJ
དཔའ་བོ་	དཔའ་བོ་	NOUN
འི་	གི་	PART
གསུང་	གསུང་	VERB
འཁྲུལ་	འཁྲུལ་	NO_POS
མེད་	མེད་	VERB
༔		PUNCT
བདག་ཉིད་	བདག་ཉིད་	NOUN
ཁྲག་འཐུང་	ཁྲག་འཐུང་	PROPN
བདེ་	བདེ་	VERB
བེའི་		NON_WORD
རྡོ་རྗེ་	རྡོ་རྗེ་	NOUN
ཡི་	གིས་	PART
༔		PUNCT
		
རྟེན་འབྲེལ་	རྟེན་འབྲེལ་	NOUN
ཟབ་མོ་	ཟབ་མོ་	ADJ
འི་	གི་	PART
མཚམས་	མཚམས་	NOUN
སྦྱར་	སྦྱར་	VERB
དང་	དང་	NO_POS
བཅའ་	བཅའ་	VERB
ཏེ་	སྟེ་	PART
༔		PUNCT
		
ཆོས་བདག་	ཆོས་བདག་	NO_POS
ཌཱཀྐིའི་		NON_WORD
བརྡ་	བརྡའ་	NOUN
ས་	གིས་	PART
བསྐུལ་	བསྐུལ་	VERB
བྱུང་	བྱུང་	VERB
བཞིན་	བཞིན་	NOUN
ཕབ་	ཕབ་	VERB
༔		PUNCT
བཀའ་	བཀའ་	NOUN
དང་	དང་	NO_POS
གཏེར་	གཏེར་	NOUN
གྱི་	གི་	PART
སྲུང་མ་	སྲུང་མ་	NOUN
ས་	གིས་	PART
ཐུབ་པ་	ཐུབ་པ་	VERB
ར་	ལ་	PART
སྲུངས་	སྲུངས་	VERB
༔		PUNCT
		
ས་	ས་	ADP
མ་	མ་	PART
ཡ་	ཡ་	NOUN
༔		PUNCT
		
རྒྱ་	རྒྱ་	NOUN
རྒྱ་	རྒྱ་	NOUN
རྒྱ་	རྒྱ་	NOUN
༔		PUNCT
		
སྐུ་གསུང་ཐུགས་	སྐུ་གསུང་ཐུགས་	NOUN
ཀྱི་	གི་	PART
རྒྱ་	རྒྱ་	NOUN
༔		PUNCT
བྱིན་རླབས་	བྱིན་རླབས་	NOUN
དངོས་གྲུབ་	དངོས་གྲུབ་	NOUN
ནོར་བུ་	ནོར་བུ་	NOUN
ར་	ལ་	PART
གསོལ་	གསོལ་	VERB
བཏབ་	བཏབ་	VERB
འདྲ་	འདྲ་	VERB
༔		PUNCT
		
ཡི་གེ་	ཡི་གེ་	NOUN
འི་	གི་	PART
འདུ་བྱེད་	འདུ་བྱེད་	NOUN
རིག་པ་	རིག་པ་	VERB
འི་	གི་	PART
ཡེ་ཤེས་	ཡེ་ཤེས་	NOUN
བགྱི་	བགྱི་	VERB
༔		PUNCT
		
བྱེ་མ་	བྱེ་མ་	NOUN
འི་	གི་	PART
གྲངས་	གྲངས་	NOUN
ཀྱི་	གི་	PART
སེམས་ཅན་	སེམས་ཅན་	NOUN
འགྲོལ་		NON_WORD
བ་	བ་	NOUN
ཤོག་	ཤོག་	VERB
༔		PUNCT
ཤུ་བྷཾ་	ཤུ་བྷཾ་	NO_POS
༔		PUNCT
		
དགེ་	དགེ་	NOUN
འོ་	གོ་	PART
།།		PUNCT
		
།།		PUNCT
